date,count,count_gay,count_straight,count_aroace,count_polysexual
2021-02-26,49,41,13,0,49
2021-02-25,75,72,25,4,75
2021-02-24,80,72,18,7,80
2021-02-23,114,104,56,9,114
2021-02-22,100,89,24,4,100
2021-02-21,98,80,37,9,98
2021-02-20,95,83,48,13,95
2021-02-19,94,81,47,4,94
2021-02-18,95,81,42,6,95
2021-02-17,89,78,28,5,89
2021-02-16,123,111,42,6,123
2021-02-15,113,96,38,10,113
2021-02-14,143,118,47,14,143
2021-02-13,94,84,33,4,94
2021-02-12,88,75,32,8,88
2021-02-11,93,76,36,2,93
2021-02-10,106,84,37,0,106
2021-02-09,95,80,38,1,95
2021-02-08,101,76,46,9,101
2021-02-07,104,86,26,9,104
2021-02-06,94,80,24,5,94
2021-02-05,73,66,17,2,73
2021-02-04,97,84,31,8,97
2021-02-03,88,78,30,3,88
2021-02-02,97,86,24,6,97
2021-02-01,100,86,30,5,100
2021-01-31,119,107,36,3,119
2021-01-30,62,51,14,1,62
2021-01-29,86,79,29,2,86
2021-01-28,71,63,25,2,71
2021-01-27,106,97,43,17,106
2021-01-26,92,76,37,7,92
2021-01-25,107,84,36,7,107
2021-01-24,86,72,25,2,86
2021-01-23,87,74,28,6,87
2021-01-22,97,82,38,9,97
2021-01-21,101,89,41,7,101
2021-01-20,74,58,28,4,74
2021-01-19,84,77,27,3,84
2021-01-18,100,90,28,9,100
2021-01-17,108,97,37,11,108
2021-01-16,72,61,37,7,72
2021-01-15,80,66,32,6,80
2021-01-14,79,72,21,9,79
2021-01-13,88,84,38,1,88
2021-01-12,100,85,37,7,100
2021-01-11,106,88,46,11,106
2021-01-10,81,66,22,6,81
2021-01-09,77,65,20,6,77
2021-01-08,88,81,20,6,88
2021-01-07,89,80,18,1,89
2021-01-06,120,108,40,16,120
2021-01-05,81,69,23,13,81
2021-01-04,90,80,34,4,90
2021-01-03,115,101,45,9,115
2021-01-02,99,88,33,3,99
2021-01-01,87,75,23,5,87
2020-12-31,107,89,43,15,107
2020-12-30,100,87,23,8,100
2020-12-29,101,88,26,3,101
2020-12-28,111,92,51,5,111
2020-12-27,91,79,31,4,91
2020-12-26,89,75,21,3,89
2020-12-25,101,84,41,10,101
2020-12-24,95,78,30,5,95
2020-12-23,104,95,36,5,104
2020-12-22,97,81,27,12,97
2020-12-21,112,102,41,9,112
2020-12-20,74,71,27,4,74
2020-12-19,91,79,32,5,91
2020-12-18,105,92,33,11,105
2020-12-17,96,86,40,5,96
2020-12-16,89,77,24,5,89
2020-12-15,92,79,31,8,92
2020-12-14,104,88,31,8,104
2020-12-13,83,70,24,4,83
2020-12-12,71,56,26,14,71
2020-12-11,72,62,23,2,72
2020-12-10,77,65,35,5,77
2020-12-09,81,65,26,2,81
2020-12-08,87,66,26,0,87
2020-12-07,92,75,41,4,92
2020-12-06,97,83,34,6,97
2020-12-05,71,62,21,2,71
2020-12-04,81,66,23,4,81
2020-12-03,65,51,26,3,65
2020-12-02,82,65,28,3,82
2020-12-01,79,67,27,4,79
2020-11-30,95,81,27,8,95
2020-11-29,106,94,38,8,106
2020-11-28,86,74,39,8,86
2020-11-27,76,71,29,4,76
2020-11-26,81,72,19,7,81
2020-11-25,75,68,23,4,75
2020-11-24,78,72,24,1,78
2020-11-23,86,77,30,4,86
2020-11-22,90,81,37,12,90
2020-11-21,64,60,17,0,64
2020-11-20,56,53,20,4,56
2020-11-19,59,47,16,2,59
2020-11-18,99,90,26,5,99
2020-11-17,72,56,20,0,72
2020-11-16,89,78,36,5,89
2020-11-15,74,65,36,5,74
2020-11-14,57,51,17,3,57
2020-11-13,70,64,19,3,70
2020-11-12,82,71,26,4,82
2020-11-11,74,66,19,1,74
2020-11-10,73,64,23,6,73
2020-11-09,93,83,34,8,93
2020-11-08,81,70,29,5,81
2020-11-07,78,68,32,8,78
2020-11-06,64,50,17,3,64
2020-11-05,77,67,30,3,77
2020-11-04,61,52,28,7,61
2020-11-03,60,45,21,11,60
2020-11-02,62,56,25,3,62
2020-11-01,74,69,24,1,74
2020-10-31,59,50,23,5,59
2020-10-30,58,51,15,1,58
2020-10-29,62,53,25,3,62
2020-10-28,97,85,22,10,97
2020-10-27,69,62,32,3,69
2020-10-26,68,63,28,12,68
2020-10-25,76,64,18,6,76
2020-10-24,74,60,29,1,74
2020-10-23,88,80,40,2,88
2020-10-22,96,91,28,2,96
2020-10-21,61,55,19,4,61
2020-10-20,93,71,26,2,93
2020-10-19,100,83,32,8,100
2020-10-18,84,76,34,3,84
2020-10-17,74,63,23,3,74
2020-10-16,63,57,23,0,63
2020-10-15,82,79,26,4,82
2020-10-14,75,69,27,8,75
2020-10-13,63,55,18,11,63
2020-10-12,102,83,36,8,102
2020-10-11,90,81,38,9,90
2020-10-10,77,60,30,6,77
2020-10-09,88,67,36,4,88
2020-10-08,48,40,20,0,48
2020-10-07,66,61,21,1,66
2020-10-06,67,64,9,3,67
2020-10-05,90,70,44,2,90
2020-10-04,86,76,38,3,86
2020-10-03,86,79,51,4,86
2020-10-02,75,68,27,7,75
2020-10-01,85,72,30,9,85
2020-09-30,83,66,32,5,83
2020-09-29,69,52,26,4,69
2020-09-28,73,60,30,3,73
2020-09-27,72,56,26,2,72
2020-09-26,58,48,17,9,58
2020-09-25,69,62,19,6,69
2020-09-24,82,69,32,8,82
2020-09-23,76,61,21,5,76
2020-09-22,65,59,27,2,65
2020-09-21,54,49,10,1,54
2020-09-20,69,57,29,2,69
2020-09-19,70,62,25,8,70
2020-09-18,52,45,10,1,52
2020-09-17,83,67,36,1,83
2020-09-16,54,44,21,2,54
2020-09-15,71,57,29,1,71
2020-09-14,63,54,22,0,63
2020-09-13,70,61,26,6,70
2020-09-12,66,55,27,7,66
2020-09-11,47,41,14,3,47
2020-09-10,53,40,17,4,53
2020-09-09,73,66,20,8,73
2020-09-08,84,74,24,5,84
2020-09-07,77,63,30,14,77
2020-09-06,84,67,37,5,84
2020-09-05,66,56,30,5,66
2020-09-04,67,57,32,5,67
2020-09-03,61,57,28,6,61
2020-09-02,73,63,27,4,73
2020-09-01,71,64,22,5,71
2020-08-31,79,71,36,13,79
2020-08-30,62,52,21,6,62
2020-08-29,58,47,13,2,58
2020-08-28,61,51,21,3,61
2020-08-27,53,46,13,5,53
2020-08-26,70,65,23,4,70
2020-08-25,60,53,13,2,60
2020-08-24,72,65,21,7,72
2020-08-23,71,64,16,3,71
2020-08-22,63,51,17,2,63
2020-08-21,71,63,22,3,71
2020-08-20,58,48,27,10,58
2020-08-19,69,61,31,2,69
2020-08-18,65,56,22,5,65
2020-08-17,49,45,17,5,49
2020-08-16,75,67,21,8,75
2020-08-15,65,61,20,3,65
2020-08-14,55,44,25,2,55
2020-08-13,57,52,20,2,57
2020-08-12,64,55,26,2,64
2020-08-11,79,70,17,10,79
2020-08-10,63,57,26,5,63
2020-08-09,67,62,23,3,67
2020-08-08,49,43,15,0,49
2020-08-07,74,64,27,4,74
2020-08-06,66,64,28,1,66
2020-08-05,79,71,29,9,79
2020-08-04,75,65,36,6,75
2020-08-03,77,67,29,3,77
2020-08-02,80,77,27,3,80
2020-08-01,68,59,26,2,68
2020-07-31,79,69,34,8,79
2020-07-30,61,56,24,0,61
2020-07-29,78,71,22,1,78
2020-07-28,90,75,47,4,90
2020-07-27,103,88,45,7,103
2020-07-26,86,75,46,2,86
2020-07-25,68,57,31,8,68
2020-07-24,66,57,27,3,66
2020-07-23,71,64,19,2,71
2020-07-22,64,56,19,0,64
2020-07-21,65,60,18,3,65
2020-07-20,68,61,19,2,68
2020-07-19,78,73,17,0,78
2020-07-18,62,53,24,2,62
2020-07-17,83,79,24,10,83
2020-07-16,73,69,27,9,73
2020-07-15,73,61,18,2,73
2020-07-14,58,49,17,5,58
2020-07-13,76,69,23,6,76
2020-07-12,76,68,25,0,76
2020-07-11,56,49,29,9,56
2020-07-10,54,47,26,2,54
2020-07-09,80,66,26,3,80
2020-07-08,60,56,17,3,60
2020-07-07,79,68,27,7,79
2020-07-06,65,57,20,1,65
2020-07-05,70,55,18,0,70
2020-07-04,81,76,26,0,81
2020-07-03,78,71,29,9,78
2020-07-02,73,59,29,6,73
2020-07-01,83,75,31,6,83
2020-06-30,93,75,24,8,93
2020-06-29,71,64,27,4,71
2020-06-28,71,63,19,5,71
2020-06-27,79,71,36,12,79
2020-06-26,57,52,14,2,57
2020-06-25,64,59,13,4,64
2020-06-24,63,57,13,6,63
2020-06-23,84,76,35,14,84
2020-06-22,92,74,34,4,92
2020-06-21,80,74,25,6,80
2020-06-20,68,59,14,4,68
2020-06-19,72,57,21,7,72
2020-06-18,62,48,21,5,62
2020-06-17,55,48,21,6,55
2020-06-16,61,57,19,1,61
2020-06-15,60,53,22,7,60
2020-06-14,74,62,27,10,74
2020-06-13,73,59,23,6,73
2020-06-12,65,58,23,9,65
2020-06-11,66,53,29,10,66
2020-06-10,65,59,17,7,65
2020-06-09,66,64,15,12,66
2020-06-08,71,60,27,4,71
2020-06-07,95,78,24,8,95
2020-06-06,79,64,29,3,79
2020-06-05,77,57,18,1,77
2020-06-04,74,63,24,4,74
2020-06-03,57,50,21,4,57
2020-06-02,72,61,18,15,72
2020-06-01,102,94,29,7,102
2020-05-31,66,60,25,6,66
2020-05-30,57,54,19,9,57
2020-05-29,80,72,29,3,80
2020-05-28,50,38,19,4,50
2020-05-27,76,68,24,12,76
2020-05-26,77,68,22,2,77
2020-05-25,79,70,27,6,79
2020-05-24,46,40,12,4,46
2020-05-23,63,48,17,11,63
2020-05-22,61,56,23,0,61
2020-05-21,63,58,15,6,63
2020-05-20,64,54,14,0,64
2020-05-19,56,50,16,2,56
2020-05-18,93,73,53,7,93
2020-05-17,56,50,19,3,56
2020-05-16,71,58,20,1,71
2020-05-15,68,58,26,1,68
2020-05-14,69,65,24,4,69
2020-05-13,61,49,28,5,61
2020-05-12,50,48,16,4,50
2020-05-11,64,53,25,1,64
2020-05-10,71,64,21,2,71
2020-05-09,65,60,15,9,65
2020-05-08,61,56,24,2,61
2020-05-07,63,54,24,3,63
2020-05-06,66,57,20,5,66
2020-05-05,40,38,19,6,40
2020-05-04,70,53,16,4,70
2020-05-03,55,47,21,4,55
2020-05-02,49,43,11,2,49
2020-05-01,73,63,39,12,73
2020-04-30,78,73,31,4,78
2020-04-29,78,69,24,10,78
2020-04-28,70,63,32,3,70
2020-04-27,62,60,24,2,62
2020-04-26,67,62,14,5,67
2020-04-25,58,52,31,5,58
2020-04-24,59,53,16,4,59
2020-04-23,46,38,22,1,46
2020-04-22,52,46,9,3,52
2020-04-21,76,64,27,1,76
2020-04-20,50,42,26,1,50
2020-04-19,84,77,35,4,84
2020-04-18,86,83,27,0,86
2020-04-17,64,56,27,6,64
2020-04-16,64,55,27,4,64
2020-04-15,55,46,17,4,55
2020-04-14,48,41,16,7,48
2020-04-13,60,45,20,5,60
2020-04-12,82,74,25,6,82
2020-04-11,63,48,26,2,63
2020-04-10,62,53,31,3,62
2020-04-09,70,66,17,4,70
2020-04-08,76,53,37,4,76
2020-04-07,66,56,27,7,66
2020-04-06,56,47,15,0,56
2020-04-05,72,63,14,3,72
2020-04-04,62,56,17,6,62
2020-04-03,37,35,12,3,37
2020-04-02,65,59,24,9,65
2020-04-01,61,49,18,2,61
2020-03-31,55,50,14,2,55
2020-03-30,57,49,17,1,57
2020-03-29,63,60,17,4,63
2020-03-28,49,41,19,3,49
2020-03-27,54,53,17,0,54
2020-03-26,61,56,29,5,61
2020-03-25,52,50,24,3,52
2020-03-24,82,69,33,5,82
2020-03-23,62,50,13,3,62
2020-03-22,81,67,35,7,81
2020-03-21,58,45,16,5,58
2020-03-20,57,51,24,0,57
2020-03-19,60,55,21,5,60
2020-03-18,62,52,19,4,62
2020-03-17,38,35,13,0,38
2020-03-16,68,59,26,1,68
2020-03-15,42,36,21,1,42
2020-03-14,47,43,16,2,47
2020-03-13,27,23,9,1,27
2020-03-12,44,43,10,4,44
2020-03-11,41,30,16,2,41
2020-03-10,53,43,21,0,53
2020-03-09,36,34,11,2,36
2020-03-08,43,39,11,2,43
2020-03-07,45,37,17,5,45
2020-03-06,29,26,9,4,29
2020-03-05,35,26,11,2,35
2020-03-04,32,26,19,2,32
2020-03-03,44,41,16,6,44
2020-03-02,41,39,14,0,41
2020-03-01,57,52,19,1,57
2020-02-29,43,36,23,1,43
2020-02-28,47,39,22,2,47
2020-02-27,30,26,6,0,30
2020-02-26,39,31,16,4,39
2020-02-25,30,25,6,4,30
2020-02-24,50,40,14,0,50
2020-02-23,41,38,18,0,41
2020-02-22,43,35,14,1,43
2020-02-21,32,30,12,3,32
2020-02-20,39,34,16,3,39
2020-02-19,38,37,9,6,38
2020-02-18,50,45,16,4,50
2020-02-17,39,33,10,3,39
2020-02-16,44,39,15,5,44
2020-02-15,42,36,13,1,42
2020-02-14,39,35,14,3,39
2020-02-13,39,36,17,2,39
2020-02-12,39,38,9,1,39
2020-02-11,32,27,10,5,32
2020-02-10,38,37,14,1,38
2020-02-09,59,50,19,2,59
2020-02-08,23,19,8,0,23
2020-02-07,29,22,15,2,29
2020-02-06,36,34,14,3,36
2020-02-05,30,25,10,4,30
2020-02-04,36,30,21,2,36
2020-02-03,45,38,18,0,45
2020-02-02,38,35,19,2,38
2020-02-01,31,28,15,1,31
2020-01-31,35,31,16,1,35
2020-01-30,36,32,11,8,36
2020-01-29,29,25,9,1,29
2020-01-28,28,26,8,2,28
2020-01-27,50,47,12,3,50
2020-01-26,51,45,23,8,51
2020-01-25,34,30,15,0,34
2020-01-24,34,24,14,0,34
2020-01-23,27,22,9,1,27
2020-01-22,35,33,12,8,35
2020-01-21,57,46,22,3,57
2020-01-20,41,35,14,1,41
2020-01-19,37,30,11,1,37
2020-01-18,28,23,7,0,28
2020-01-17,40,37,19,3,40
2020-01-16,33,23,9,0,33
2020-01-15,28,21,7,1,28
2020-01-14,31,28,12,0,31
2020-01-13,47,43,13,5,47
2020-01-12,30,25,14,2,30
2020-01-11,36,29,20,1,36
2020-01-10,41,35,12,0,41
2020-01-09,33,27,9,1,33
2020-01-08,37,34,14,6,37
2020-01-07,41,37,17,3,41
2020-01-06,51,46,15,0,51
2020-01-05,58,47,18,4,58
2020-01-04,78,74,29,2,78
2020-01-03,45,38,18,0,45
2020-01-02,52,41,14,1,52
2020-01-01,41,39,14,1,41
2019-12-31,51,38,17,5,51
2019-12-30,58,45,17,0,58
2019-12-29,48,41,17,4,48
2019-12-28,51,44,19,4,51
2019-12-27,30,27,5,0,30
2019-12-26,30,28,10,1,30
2019-12-25,34,30,7,3,34
2019-12-24,38,32,7,0,38
2019-12-23,43,37,11,3,43
2019-12-22,56,49,27,5,56
2019-12-21,31,28,12,2,31
2019-12-20,24,23,10,2,24
2019-12-19,27,24,5,1,27
2019-12-18,39,34,14,1,39
2019-12-17,47,36,14,7,47
2019-12-16,41,33,16,0,41
2019-12-15,38,32,14,0,38
2019-12-14,26,22,8,1,26
2019-12-13,26,23,6,2,26
2019-12-12,40,36,10,7,40
2019-12-11,39,27,14,0,39
2019-12-10,41,33,17,0,41
2019-12-09,36,32,10,3,36
2019-12-08,50,45,20,0,50
2019-12-07,50,43,20,0,50
2019-12-06,33,25,17,1,33
2019-12-05,33,31,11,3,33
2019-12-04,42,41,22,2,42
2019-12-03,42,34,11,1,42
2019-12-02,36,31,17,2,36
2019-12-01,46,39,21,3,46
2019-11-30,41,38,14,2,41
2019-11-29,21,18,8,1,21
2019-11-28,44,39,16,4,44
2019-11-27,43,40,17,4,43
2019-11-26,30,21,14,3,30
2019-11-25,48,43,14,0,48
2019-11-24,47,45,14,5,47
2019-11-23,40,38,13,4,40
2019-11-22,33,32,15,6,33
2019-11-21,25,20,7,2,25
2019-11-20,31,29,12,1,31
2019-11-19,38,32,18,1,38
2019-11-18,36,31,14,4,36
2019-11-17,39,33,16,3,39
2019-11-16,21,17,7,0,21
2019-11-15,32,28,9,2,32
2019-11-14,25,24,8,1,25
2019-11-13,36,27,17,2,36
2019-11-12,28,27,12,1,28
2019-11-11,38,38,11,0,38
2019-11-10,34,27,11,0,34
2019-11-09,42,39,24,1,42
2019-11-08,22,21,8,2,22
2019-11-07,23,21,5,2,23
2019-11-06,35,31,11,1,35
2019-11-05,28,24,9,2,28
2019-11-04,36,36,6,2,36
2019-11-03,42,38,15,1,42
2019-11-02,35,31,11,2,35
2019-11-01,54,47,18,2,54
2019-10-31,27,24,16,1,27
2019-10-30,48,42,21,0,48
2019-10-29,38,36,3,1,38
2019-10-28,60,53,28,3,60
2019-10-27,45,36,18,2,45
2019-10-26,27,25,12,1,27
2019-10-25,31,25,11,1,31
2019-10-24,41,35,13,2,41
2019-10-23,35,29,10,3,35
2019-10-22,42,36,17,2,42
2019-10-21,40,30,14,3,40
2019-10-20,37,37,15,6,37
2019-10-19,41,39,17,1,41
2019-10-18,29,28,12,0,29
2019-10-17,39,35,11,0,39
2019-10-16,20,18,3,2,20
2019-10-15,29,25,12,2,29
2019-10-14,50,43,24,1,50
2019-10-13,34,30,12,0,34
2019-10-12,36,34,18,1,36
2019-10-11,33,32,14,2,33
2019-10-10,28,26,15,0,28
2019-10-09,33,26,18,2,33
2019-10-08,37,31,8,2,37
2019-10-07,40,35,14,1,40
2019-10-06,43,37,23,1,43
2019-10-05,45,37,19,3,45
2019-10-04,33,30,8,2,33
2019-10-03,39,36,11,0,39
2019-10-02,47,37,19,1,47
2019-10-01,55,50,22,0,55
2019-09-30,28,26,11,0,28
2019-09-29,49,39,21,6,49
2019-09-28,33,29,9,6,33
2019-09-27,60,59,29,2,60
2019-09-26,24,22,13,1,24
2019-09-25,46,42,22,1,46
2019-09-24,40,31,6,3,40
2019-09-23,42,38,16,4,42
2019-09-22,37,33,10,1,37
2019-09-21,46,37,17,1,46
2019-09-20,29,23,10,2,29
2019-09-19,27,22,12,1,27
2019-09-18,26,20,9,2,26
2019-09-17,43,39,21,3,43
2019-09-16,47,41,24,6,47
2019-09-15,48,44,19,5,48
2019-09-14,35,30,15,2,35
2019-09-13,37,31,9,3,37
2019-09-12,26,23,6,0,26
2019-09-11,28,27,7,6,28
2019-09-10,29,26,14,0,29
2019-09-09,43,39,12,1,43
2019-09-08,55,44,25,2,55
2019-09-07,39,36,15,1,39
2019-09-06,27,24,6,0,27
2019-09-05,28,24,9,0,28
2019-09-04,33,29,8,2,33
2019-09-03,40,38,14,1,40
2019-09-02,44,36,12,1,44
2019-09-01,51,46,20,3,51
2019-08-31,31,24,12,4,31
2019-08-30,46,38,9,1,46
2019-08-29,37,24,17,2,37
2019-08-28,41,38,14,2,41
2019-08-27,33,27,6,4,33
2019-08-26,33,27,17,3,33
2019-08-25,42,37,10,2,42
2019-08-24,33,27,3,3,33
2019-08-23,35,29,12,0,35
2019-08-22,34,29,9,7,34
2019-08-21,32,26,10,1,32
2019-08-20,45,39,21,8,45
2019-08-19,33,29,9,1,33
2019-08-18,34,30,13,2,34
2019-08-17,36,33,7,0,36
2019-08-16,45,38,9,5,45
2019-08-15,23,21,13,1,23
2019-08-14,42,38,12,0,42
2019-08-13,36,28,19,1,36
2019-08-12,46,41,16,3,46
2019-08-11,51,46,30,1,51
2019-08-10,42,38,16,5,42
2019-08-09,36,33,13,0,36
2019-08-08,31,22,10,5,31
2019-08-07,48,41,19,1,48
2019-08-06,39,38,18,0,39
2019-08-05,52,44,22,2,52
2019-08-04,45,43,12,1,45
2019-08-03,29,27,3,3,29
2019-08-02,44,39,12,2,44
2019-08-01,48,42,14,5,48
2019-07-31,49,42,19,2,49
2019-07-30,28,24,7,4,28
2019-07-29,48,41,19,3,48
2019-07-28,38,33,8,1,38
2019-07-27,37,31,10,4,37
2019-07-26,44,39,24,4,44
2019-07-25,34,33,11,1,34
2019-07-24,42,31,17,1,42
2019-07-23,42,40,13,3,42
2019-07-22,56,50,16,1,56
2019-07-21,42,37,16,1,42
2019-07-20,35,28,14,2,35
2019-07-19,33,32,12,2,33
2019-07-18,27,22,14,0,27
2019-07-17,34,27,10,2,34
2019-07-16,45,39,16,4,45
2019-07-15,48,45,10,3,48
2019-07-14,45,36,10,7,45
2019-07-13,38,33,16,6,38
2019-07-12,26,22,6,1,26
2019-07-11,40,35,11,1,40
2019-07-10,42,35,13,3,42
2019-07-09,55,47,8,6,55
2019-07-08,51,48,26,2,51
2019-07-07,39,29,14,5,39
2019-07-06,48,41,20,4,48
2019-07-05,39,35,14,2,39
2019-07-04,27,24,10,0,27
2019-07-03,35,31,16,2,35
2019-07-02,33,29,16,9,33
2019-07-01,65,58,26,4,65
2019-06-30,45,36,16,3,45
2019-06-29,41,38,12,5,41
2019-06-28,31,26,11,3,31
2019-06-27,32,26,14,3,32
2019-06-26,41,35,11,0,41
2019-06-25,35,30,11,1,35
2019-06-24,50,45,16,1,50
2019-06-23,55,51,24,11,55
2019-06-22,38,37,9,3,38
2019-06-21,53,47,20,1,53
2019-06-20,53,39,21,2,53
2019-06-19,31,24,6,1,31
2019-06-18,35,32,12,2,35
2019-06-17,38,35,6,2,38
2019-06-16,49,45,27,0,49
2019-06-15,35,32,13,5,35
2019-06-14,31,23,14,0,31
2019-06-13,39,33,17,0,39
2019-06-12,20,17,6,0,20
2019-06-11,45,39,11,2,45
2019-06-10,40,36,16,0,40
2019-06-09,60,52,29,8,60
2019-06-08,40,37,7,3,40
2019-06-07,63,52,17,8,63
2019-06-06,51,42,13,5,51
2019-06-05,52,45,21,10,52
2019-06-04,49,33,13,5,49
2019-06-03,52,49,20,5,52
2019-06-02,48,45,14,7,48
2019-06-01,43,36,23,7,43
2019-05-31,47,39,19,4,47
2019-05-30,35,32,8,4,35
2019-05-29,44,37,17,0,44
2019-05-28,28,19,12,0,28
2019-05-27,39,35,21,4,39
2019-05-26,42,34,18,4,42
2019-05-25,32,26,11,2,32
2019-05-24,22,15,6,2,22
2019-05-23,35,33,10,2,35
2019-05-22,51,46,13,6,51
2019-05-21,29,28,7,1,29
2019-05-20,54,50,28,8,54
2019-05-19,28,20,15,2,28
2019-05-18,29,27,12,2,29
2019-05-17,26,21,12,0,26
2019-05-16,31,27,7,5,31
2019-05-15,20,17,3,1,20
2019-05-14,28,25,9,2,28
2019-05-13,45,36,12,1,45
2019-05-12,40,35,18,3,40
2019-05-11,27,24,7,2,27
2019-05-10,54,45,22,4,54
2019-05-09,28,26,8,3,28
2019-05-08,35,27,20,5,35
2019-05-07,52,41,25,4,52
2019-05-06,28,26,4,0,28
2019-05-05,52,46,24,11,52
2019-05-04,30,28,10,1,30
2019-05-03,49,34,12,1,49
2019-05-02,21,20,8,1,21
2019-05-01,42,39,13,0,42
2019-04-30,43,41,19,0,43
2019-04-29,54,45,22,3,54
2019-04-28,44,42,14,3,44
2019-04-27,45,39,15,5,45
2019-04-26,34,32,17,0,34
2019-04-25,37,30,12,2,37
2019-04-24,40,36,14,1,40
2019-04-23,32,30,10,1,32
2019-04-22,36,30,10,3,36
2019-04-21,30,27,13,1,30
2019-04-20,42,35,13,0,42
2019-04-19,49,47,19,0,49
2019-04-18,25,24,5,0,25
2019-04-17,29,26,8,2,29
2019-04-16,45,43,22,10,45
2019-04-15,41,36,16,5,41
2019-04-14,47,29,17,1,47
2019-04-13,25,24,13,1,25
2019-04-12,33,32,10,0,33
2019-04-11,40,29,13,2,40
2019-04-10,34,30,16,0,34
2019-04-09,26,19,7,1,26
2019-04-08,41,36,9,0,41
2019-04-07,48,43,14,4,48
2019-04-06,32,28,13,1,32
2019-04-05,28,28,8,2,28
2019-04-04,31,28,8,0,31
2019-04-03,33,28,18,3,33
2019-04-02,23,21,8,1,23
2019-04-01,46,45,12,0,46
2019-03-31,31,24,5,1,31
2019-03-30,30,25,9,4,30
2019-03-29,33,30,11,2,33
2019-03-28,30,28,9,6,30
2019-03-27,35,32,9,0,35
2019-03-26,33,31,13,3,33
2019-03-25,44,39,11,3,44
2019-03-24,41,40,12,1,41
2019-03-23,32,29,5,0,32
2019-03-22,19,16,2,0,19
2019-03-21,46,41,9,3,46
2019-03-20,27,26,9,0,27
2019-03-19,23,18,8,1,23
2019-03-18,50,45,19,10,50
2019-03-17,31,29,9,0,31
2019-03-16,24,23,9,2,24
2019-03-15,37,32,8,2,37
2019-03-14,31,28,10,0,31
2019-03-13,23,18,10,1,23
2019-03-12,36,28,13,2,36
2019-03-11,42,34,20,0,42
2019-03-10,48,43,21,3,48
2019-03-09,31,28,8,0,31
2019-03-08,40,31,6,1,40
2019-03-07,39,34,9,0,39
2019-03-06,37,28,16,1,37
2019-03-05,37,29,12,2,37
2019-03-04,35,28,11,1,35
2019-03-03,29,28,6,2,29
2019-03-02,38,32,15,3,38
2019-03-01,43,41,18,4,43
2019-02-28,33,30,11,0,33
2019-02-27,17,15,3,3,17
2019-02-26,36,32,11,0,36
2019-02-25,35,32,11,3,35
2019-02-24,41,34,15,1,41
2019-02-23,41,34,9,6,41
2019-02-22,48,47,15,0,48
2019-02-21,36,32,13,1,36
2019-02-20,40,33,6,0,40
2019-02-19,47,36,17,4,47
2019-02-18,49,42,27,3,49
2019-02-17,32,25,11,0,32
2019-02-16,48,40,16,1,48
2019-02-15,34,30,9,4,34
2019-02-14,61,54,20,3,61
2019-02-13,41,37,12,0,41
2019-02-12,32,28,18,1,32
2019-02-11,60,51,25,1,60
2019-02-10,49,44,16,0,49
2019-02-09,32,31,3,0,32
2019-02-08,31,28,3,4,31
2019-02-07,34,31,14,0,34
2019-02-06,31,26,9,2,31
2019-02-05,31,29,15,2,31
2019-02-04,42,36,21,2,42
2019-02-03,56,48,11,4,56
2019-02-02,47,36,13,3,47
2019-02-01,30,28,4,4,30
2019-01-31,30,26,7,1,30
2019-01-30,44,43,18,0,44
2019-01-29,29,25,10,1,29
2019-01-28,52,41,20,1,52
2019-01-27,47,43,17,4,47
2019-01-26,22,17,7,0,22
2019-01-25,28,25,7,3,28
2019-01-24,32,27,12,1,32
2019-01-23,27,26,10,1,27
2019-01-22,30,28,8,5,30
2019-01-21,43,40,17,5,43
2019-01-20,38,38,10,1,38
2019-01-19,29,26,10,0,29
2019-01-18,23,20,9,1,23
2019-01-17,35,29,13,2,35
2019-01-16,34,27,9,0,34
2019-01-15,32,28,10,2,32
2019-01-14,36,30,11,0,36
2019-01-13,35,28,12,3,35
2019-01-12,29,26,10,1,29
2019-01-11,28,26,7,5,28
2019-01-10,39,27,17,2,39
2019-01-09,33,27,18,3,33
2019-01-08,38,33,9,1,38
2019-01-07,27,24,14,0,27
2019-01-06,44,36,18,3,44
2019-01-05,35,31,5,5,35
2019-01-04,27,25,8,4,27
2019-01-03,49,41,12,11,49
2019-01-02,46,42,14,8,46
2019-01-01,49,43,9,0,49
2018-12-31,55,43,20,0,55
2018-12-30,43,35,17,1,43
2018-12-29,35,32,2,1,35
2018-12-28,36,25,13,2,36
2018-12-27,38,33,18,0,38
2018-12-26,36,36,10,3,36
2018-12-25,41,34,10,7,41
2018-12-24,48,43,22,0,48
2018-12-23,38,33,9,2,38
2018-12-22,27,24,13,0,27
2018-12-21,44,41,9,2,44
2018-12-20,34,31,14,0,34
2018-12-19,28,27,8,5,28
2018-12-18,42,38,18,1,42
2018-12-17,44,38,21,3,44
2018-12-16,57,51,22,3,57
2018-12-15,42,39,18,4,42
2018-12-14,45,40,10,2,45
2018-12-13,34,29,12,3,34
2018-12-12,36,34,10,1,36
2018-12-11,42,38,18,1,42
2018-12-10,40,35,21,3,40
2018-12-09,43,37,17,1,43
2018-12-08,59,47,24,0,59
2018-12-07,22,21,6,1,22
2018-12-06,28,25,6,1,28
2018-12-05,39,35,16,0,39
2018-12-04,46,35,24,4,46
2018-12-03,34,31,15,8,34
2018-12-02,36,32,9,7,36
2018-12-01,28,26,10,3,28
2018-11-30,42,39,23,5,42
2018-11-29,35,34,11,3,35
2018-11-28,29,24,10,2,29
2018-11-27,32,27,6,1,32
2018-11-26,24,22,7,0,24
2018-11-25,41,34,19,0,41
2018-11-24,35,32,17,4,35
2018-11-23,41,36,9,1,41
2018-11-22,19,16,6,1,19
2018-11-21,30,28,11,1,30
2018-11-20,37,36,11,1,37
2018-11-19,29,27,10,0,29
2018-11-18,28,25,8,1,28
2018-11-17,29,24,11,2,29
2018-11-16,26,23,13,3,26
2018-11-15,25,24,2,0,25
2018-11-14,37,36,10,2,37
2018-11-13,37,32,16,1,37
2018-11-12,46,44,17,2,46
2018-11-11,44,40,15,1,44
2018-11-10,43,43,15,0,43
2018-11-09,35,30,8,2,35
2018-11-08,37,33,12,1,37
2018-11-07,43,38,16,4,43
2018-11-06,26,24,9,2,26
2018-11-05,37,32,4,0,37
2018-11-04,43,41,4,4,43
2018-11-03,43,36,13,2,43
2018-11-02,37,34,18,3,37
2018-11-01,26,22,10,1,26
2018-10-31,41,36,15,2,41
2018-10-30,29,25,11,1,29
2018-10-29,36,33,9,4,36
2018-10-28,39,37,16,0,39
2018-10-27,40,35,17,6,40
2018-10-26,21,17,9,2,21
2018-10-25,22,17,5,2,22
2018-10-24,26,21,8,2,26
2018-10-23,34,32,9,4,34
2018-10-22,32,29,11,3,32
2018-10-21,33,29,13,1,33
2018-10-20,34,30,14,3,34
2018-10-19,32,31,7,0,32
2018-10-18,34,30,9,0,34
2018-10-17,31,23,15,4,31
2018-10-16,27,25,10,3,27
2018-10-15,28,25,11,1,28
2018-10-14,36,34,16,1,36
2018-10-13,34,31,10,0,34
2018-10-12,18,17,5,1,18
2018-10-11,24,23,2,2,24
2018-10-10,45,41,9,5,45
2018-10-09,44,37,16,5,44
2018-10-08,28,27,7,0,28
2018-10-07,31,27,13,0,31
2018-10-06,32,29,11,0,32
2018-10-05,26,24,12,1,26
2018-10-04,29,25,12,1,29
2018-10-03,28,25,10,2,28
2018-10-02,21,18,4,3,21
2018-10-01,36,28,15,4,36
2018-09-30,51,48,16,1,51
2018-09-29,28,26,7,3,28
2018-09-28,23,22,11,0,23
2018-09-27,23,18,7,0,23
2018-09-26,29,23,14,1,29
2018-09-25,35,30,16,0,35
2018-09-24,24,20,9,2,24
2018-09-23,42,35,12,0,42
2018-09-22,31,22,14,0,31
2018-09-21,26,24,6,3,26
2018-09-20,21,21,13,4,21
2018-09-19,24,20,5,2,24
2018-09-18,22,19,8,0,22
2018-09-17,26,22,12,1,26
2018-09-16,43,37,13,2,43
2018-09-15,38,36,11,7,38
2018-09-14,31,27,11,1,31
2018-09-13,32,26,9,3,32
2018-09-12,30,29,11,0,30
2018-09-11,35,30,15,1,35
2018-09-10,40,32,15,0,40
2018-09-09,35,33,13,1,35
2018-09-08,31,29,7,1,31
2018-09-07,27,20,12,5,27
2018-09-06,28,25,8,0,28
2018-09-05,42,38,11,7,42
2018-09-04,40,36,8,1,40
2018-09-03,36,34,10,2,36
2018-09-02,37,35,16,0,37
2018-09-01,51,44,15,9,51
2018-08-31,29,25,11,5,29
2018-08-30,23,19,9,0,23
2018-08-29,31,25,11,4,31
2018-08-28,34,31,16,4,34
2018-08-27,58,55,20,2,58
2018-08-26,46,44,8,5,46
2018-08-25,33,27,10,4,33
2018-08-24,37,34,17,3,37
2018-08-23,31,26,7,5,31
2018-08-22,27,26,5,2,27
2018-08-21,45,42,17,9,45
2018-08-20,36,32,12,0,36
2018-08-19,32,25,15,2,32
2018-08-18,27,23,10,1,27
2018-08-17,30,29,15,4,30
2018-08-16,38,32,15,5,38
2018-08-15,41,36,14,5,41
2018-08-14,43,35,14,9,43
2018-08-13,53,48,19,6,53
2018-08-12,35,32,6,4,35
2018-08-11,40,38,12,4,40
2018-08-10,38,33,11,2,38
2018-08-09,47,41,12,7,47
2018-08-08,37,36,11,6,37
2018-08-07,33,32,13,1,33
2018-08-06,44,40,16,3,44
2018-08-05,52,47,18,3,52
2018-08-04,21,17,7,0,21
2018-08-03,28,28,9,0,28
2018-08-02,40,37,19,3,40
2018-08-01,41,35,8,4,41
2018-07-31,55,50,11,6,55
2018-07-30,56,47,18,4,56
2018-07-29,38,34,6,0,38
2018-07-28,30,25,9,4,30
2018-07-27,36,35,16,9,36
2018-07-26,35,33,6,1,35
2018-07-25,36,31,20,1,36
2018-07-24,40,36,14,2,40
2018-07-23,49,41,16,2,49
2018-07-22,49,44,11,1,49
2018-07-21,34,31,10,2,34
2018-07-20,30,29,8,5,30
2018-07-19,33,28,25,5,33
2018-07-18,51,43,29,7,51
2018-07-17,41,37,16,5,41
2018-07-16,39,33,18,6,39
2018-07-15,29,21,8,1,29
2018-07-14,48,44,20,4,48
2018-07-13,30,24,14,2,30
2018-07-12,35,34,5,1,35
2018-07-11,37,31,10,7,37
2018-07-10,42,33,15,6,42
2018-07-09,39,36,5,2,39
2018-07-08,36,26,10,0,36
2018-07-07,32,27,11,3,32
2018-07-06,31,30,7,2,31
2018-07-05,33,26,11,7,33
2018-07-04,49,45,20,0,49
2018-07-03,32,30,7,2,32
2018-07-02,35,29,11,3,35
2018-07-01,33,29,12,0,33
2018-06-30,55,41,21,7,55
2018-06-29,28,28,10,5,28
2018-06-28,43,36,16,2,43
2018-06-27,42,36,15,2,42
2018-06-26,47,37,19,2,47
2018-06-25,41,38,9,6,41
2018-06-24,44,37,22,3,44
2018-06-23,26,19,7,0,26
2018-06-22,27,24,6,4,27
2018-06-21,39,38,12,10,39
2018-06-20,33,30,15,1,33
2018-06-19,34,32,17,1,34
2018-06-18,31,29,7,1,31
2018-06-17,46,40,13,5,46
2018-06-16,36,30,15,3,36
2018-06-15,35,32,9,2,35
2018-06-14,42,34,11,1,42
2018-06-13,31,26,10,2,31
2018-06-12,43,33,10,6,43
2018-06-11,47,40,30,4,47
2018-06-10,49,41,15,7,49
2018-06-09,50,46,17,3,50
2018-06-08,33,30,12,4,33
2018-06-07,30,25,11,1,30
2018-06-06,46,41,23,1,46
2018-06-05,37,30,14,2,37
2018-06-04,29,29,7,5,29
2018-06-03,37,33,11,4,37
2018-06-02,32,26,5,3,32
2018-06-01,53,48,30,8,53
2018-05-31,37,32,11,4,37
2018-05-30,21,19,9,2,21
2018-05-29,38,34,19,4,38
2018-05-28,37,35,11,2,37
2018-05-27,34,32,18,2,34
2018-05-26,23,23,9,0,23
2018-05-25,23,23,10,0,23
2018-05-24,28,25,7,1,28
2018-05-23,23,18,6,0,23
2018-05-22,25,20,13,0,25
2018-05-21,32,29,13,3,32
2018-05-20,24,24,8,4,24
2018-05-19,25,22,12,1,25
2018-05-18,31,28,10,4,31
2018-05-17,35,28,15,1,35
2018-05-16,28,22,6,2,28
2018-05-15,48,45,15,3,48
2018-05-14,20,14,4,1,20
2018-05-13,41,33,13,4,41
2018-05-12,22,21,5,0,22
2018-05-11,27,24,6,3,27
2018-05-10,24,21,7,0,24
2018-05-09,20,17,9,0,20
2018-05-08,28,26,11,4,28
2018-05-07,25,21,12,0,25
2018-05-06,27,22,8,5,27
2018-05-05,26,22,8,2,26
2018-05-04,33,31,7,5,33
2018-05-03,30,27,17,2,30
2018-05-02,22,19,6,4,22
2018-05-01,40,36,7,2,40
2018-04-30,29,25,7,0,29
2018-04-29,27,23,8,0,27
2018-04-28,29,24,10,1,29
2018-04-27,21,20,8,5,21
2018-04-26,24,20,8,2,24
2018-04-25,27,20,5,1,27
2018-04-24,26,24,7,0,26
2018-04-23,29,25,8,0,29
2018-04-22,50,44,13,6,50
2018-04-21,24,22,7,1,24
2018-04-20,28,24,8,0,28
2018-04-19,41,33,7,6,41
2018-04-18,23,20,6,0,23
2018-04-17,22,19,5,0,22
2018-04-16,29,25,8,2,29
2018-04-15,42,39,18,1,42
2018-04-14,23,21,7,0,23
2018-04-13,34,29,9,7,34
2018-04-12,21,13,6,3,21
2018-04-11,22,22,3,0,22
2018-04-10,16,15,7,0,16
2018-04-09,38,33,9,5,38
2018-04-08,25,21,5,3,25
2018-04-07,37,35,9,2,37
2018-04-06,29,28,9,6,29
2018-04-05,30,24,10,2,30
2018-04-04,29,26,11,8,29
2018-04-03,27,25,10,0,27
2018-04-02,31,29,7,1,31
2018-04-01,45,35,15,3,45
2018-03-31,35,32,18,10,35
2018-03-30,11,9,3,0,11
2018-03-29,29,24,10,4,29
2018-03-28,25,21,4,3,25
2018-03-27,49,44,22,3,49
2018-03-26,30,21,8,0,30
2018-03-25,18,16,8,0,18
2018-03-24,20,18,1,0,20
2018-03-23,25,21,7,5,25
2018-03-22,37,34,17,2,37
2018-03-21,17,16,4,0,17
2018-03-20,30,26,9,3,30
2018-03-19,24,18,5,1,24
2018-03-18,41,40,12,3,41
2018-03-17,38,33,10,2,38
2018-03-16,32,30,8,0,32
2018-03-15,19,15,4,2,19
2018-03-14,27,26,10,0,27
2018-03-13,22,18,6,0,22
2018-03-12,22,18,10,0,22
2018-03-11,22,18,5,0,22
2018-03-10,23,19,10,3,23
2018-03-09,23,22,6,0,23
2018-03-08,18,13,7,2,18
2018-03-07,23,19,9,2,23
2018-03-06,21,20,5,1,21
2018-03-05,29,25,18,5,29
2018-03-04,35,28,13,0,35
2018-03-03,17,15,6,1,17
2018-03-02,15,13,5,0,15
2018-03-01,36,31,9,1,36
2018-02-28,25,24,9,1,25
2018-02-27,39,38,12,3,39
2018-02-26,32,31,7,2,32
2018-02-25,22,20,5,3,22
2018-02-24,32,24,13,0,32
2018-02-23,22,21,5,1,22
2018-02-22,29,27,10,1,29
2018-02-21,42,39,15,5,42
2018-02-20,26,24,1,5,26
2018-02-19,25,24,10,1,25
2018-02-18,31,27,13,5,31
2018-02-17,20,19,6,0,20
2018-02-16,37,32,21,5,37
2018-02-15,25,25,8,0,25
2018-02-14,36,32,8,5,36
2018-02-13,13,11,6,2,13
2018-02-12,30,26,12,5,30
2018-02-11,29,23,5,0,29
2018-02-10,28,23,5,3,28
2018-02-09,39,27,20,4,39
2018-02-08,25,24,13,1,25
2018-02-07,28,23,10,2,28
2018-02-06,27,24,5,0,27
2018-02-05,39,33,8,4,39
2018-02-04,54,49,10,8,54
2018-02-03,26,26,5,2,26
2018-02-02,29,24,14,3,29
2018-02-01,22,20,5,3,22
2018-01-31,32,27,8,3,32
2018-01-30,23,22,7,1,23
2018-01-29,30,24,7,0,30
2018-01-28,26,22,12,0,26
2018-01-27,13,9,3,1,13
2018-01-26,15,12,3,1,15
2018-01-25,26,23,8,0,26
2018-01-24,26,24,6,2,26
2018-01-23,18,17,5,0,18
2018-01-22,26,22,12,0,26
2018-01-21,32,26,12,3,32
2018-01-20,25,22,8,1,25
2018-01-19,21,18,12,0,21
2018-01-18,33,30,14,5,33
2018-01-17,20,14,6,0,20
2018-01-16,24,17,8,0,24
2018-01-15,41,40,14,2,41
2018-01-14,39,35,15,1,39
2018-01-13,24,22,9,3,24
2018-01-12,14,12,5,1,14
2018-01-11,25,23,8,2,25
2018-01-10,15,14,2,0,15
2018-01-09,37,34,7,1,37
2018-01-08,29,25,8,3,29
2018-01-07,29,27,9,5,29
2018-01-06,21,21,4,0,21
2018-01-05,20,19,4,0,20
2018-01-04,33,30,11,1,33
2018-01-03,28,24,5,1,28
2018-01-02,32,24,18,1,32
2018-01-01,38,26,7,2,38
2017-12-31,38,31,11,5,38
2017-12-30,23,22,8,2,23
2017-12-29,28,25,9,0,28
2017-12-28,20,19,10,5,20
2017-12-27,32,28,4,6,32
2017-12-26,31,25,13,0,31
2017-12-25,28,26,4,3,28
2017-12-24,24,22,4,3,24
2017-12-23,25,23,8,0,25
2017-12-22,17,14,5,0,17
2017-12-21,28,24,9,0,28
2017-12-20,20,17,6,0,20
2017-12-19,25,19,11,0,25
2017-12-18,26,23,9,0,26
2017-12-17,25,23,7,3,25
2017-12-16,22,17,5,2,22
2017-12-15,16,12,7,0,16
2017-12-14,29,27,10,0,29
2017-12-13,14,12,6,1,14
2017-12-12,15,15,4,2,15
2017-12-11,27,19,15,5,27
2017-12-10,30,25,16,1,30
2017-12-09,24,22,5,6,24
2017-12-08,22,20,10,4,22
2017-12-07,14,11,4,1,14
2017-12-06,37,26,14,3,37
2017-12-05,32,29,14,3,32
2017-12-04,35,34,4,2,35
2017-12-03,30,28,9,2,30
2017-12-02,25,24,13,0,25
2017-12-01,24,22,7,1,24
2017-11-30,27,26,11,0,27
2017-11-29,31,30,16,2,31
2017-11-28,20,18,7,2,20
2017-11-27,20,17,10,0,20
2017-11-26,37,33,12,1,37
2017-11-25,26,24,9,5,26
2017-11-24,22,20,16,0,22
2017-11-23,19,18,5,0,19
2017-11-22,14,12,2,1,14
2017-11-21,14,14,4,3,14
2017-11-20,13,11,3,0,13
2017-11-19,29,29,12,2,29
2017-11-18,12,11,2,1,12
2017-11-17,17,16,3,0,17
2017-11-16,21,17,8,2,21
2017-11-15,25,20,10,5,25
2017-11-14,19,19,10,1,19
2017-11-13,24,22,7,0,24
2017-11-12,23,19,9,2,23
2017-11-11,21,19,7,0,21
2017-11-10,24,23,4,3,24
2017-11-09,21,20,4,0,21
2017-11-08,24,14,11,1,24
2017-11-07,21,19,4,2,21
2017-11-06,33,31,9,4,33
2017-11-05,33,30,9,2,33
2017-11-04,31,29,11,4,31
2017-11-03,21,19,4,1,21
2017-11-02,15,14,4,2,15
2017-11-01,12,11,3,2,12
2017-10-31,24,24,14,0,24
2017-10-30,17,14,9,0,17
2017-10-29,25,18,8,2,25
2017-10-28,18,12,2,3,18
2017-10-27,21,21,6,3,21
2017-10-26,20,17,12,0,20
2017-10-25,25,21,5,2,25
2017-10-24,16,16,7,0,16
2017-10-23,36,35,10,5,36
2017-10-22,22,18,12,4,22
2017-10-21,26,25,5,1,26
2017-10-20,23,20,7,4,23
2017-10-19,16,14,4,4,16
2017-10-18,24,21,5,0,24
2017-10-17,24,22,3,3,24
2017-10-16,22,20,7,1,22
2017-10-15,29,25,10,3,29
2017-10-14,18,16,10,6,18
2017-10-13,26,24,7,0,26
2017-10-12,23,18,3,1,23
2017-10-11,21,13,13,2,21
2017-10-10,28,25,14,2,28
2017-10-09,24,18,8,0,24
2017-10-08,33,30,8,6,33
2017-10-07,17,15,8,1,17
2017-10-06,18,17,4,0,18
2017-10-05,11,10,2,1,11
2017-10-04,27,22,12,0,27
2017-10-03,28,26,2,2,28
2017-10-02,19,16,10,1,19
2017-10-01,28,27,14,2,28
2017-09-30,13,12,3,1,13
2017-09-29,16,13,5,1,16
2017-09-28,18,15,7,0,18
2017-09-27,16,13,10,3,16
2017-09-26,21,18,14,1,21
2017-09-25,32,30,5,3,32
2017-09-24,29,27,3,2,29
2017-09-23,26,24,7,2,26
2017-09-22,20,19,7,2,20
2017-09-21,9,8,4,5,9
2017-09-20,26,24,12,1,26
2017-09-19,24,22,8,6,24
2017-09-18,19,18,6,2,19
2017-09-17,18,17,4,0,18
2017-09-16,28,24,3,6,28
2017-09-15,33,30,17,3,33
2017-09-14,22,21,11,0,22
2017-09-13,28,26,10,4,28
2017-09-12,20,17,7,3,20
2017-09-11,19,13,6,1,19
2017-09-10,20,19,2,0,20
2017-09-09,18,14,10,0,18
2017-09-08,10,9,4,2,10
2017-09-07,32,25,17,3,32
2017-09-06,22,21,5,1,22
2017-09-05,21,18,11,1,21
2017-09-04,29,28,11,1,29
2017-09-03,24,21,11,3,24
2017-09-02,13,13,2,0,13
2017-09-01,28,24,14,5,28
2017-08-31,15,13,7,3,15
2017-08-30,24,22,15,1,24
2017-08-29,25,24,10,2,25
2017-08-28,22,19,7,0,22
2017-08-27,25,20,11,1,25
2017-08-26,21,17,10,2,21
2017-08-25,21,19,8,1,21
2017-08-24,21,15,6,1,21
2017-08-23,21,19,8,0,21
2017-08-22,18,16,8,1,18
2017-08-21,29,22,7,1,29
2017-08-20,31,29,8,7,31
2017-08-19,15,13,7,5,15
2017-08-18,25,22,7,3,25
2017-08-17,20,15,9,1,20
2017-08-16,22,19,5,3,22
2017-08-15,25,21,6,1,25
2017-08-14,22,19,7,0,22
2017-08-13,31,31,10,4,31
2017-08-12,33,29,9,3,33
2017-08-11,35,31,11,5,35
2017-08-10,24,23,7,1,24
2017-08-09,27,22,3,2,27
2017-08-08,36,30,12,12,36
2017-08-07,29,24,13,1,29
2017-08-06,18,17,6,3,18
2017-08-05,19,15,5,2,19
2017-08-04,17,15,2,1,17
2017-08-03,28,27,7,4,28
2017-08-02,28,21,6,4,28
2017-08-01,23,21,7,3,23
2017-07-31,29,29,11,2,29
2017-07-30,35,28,13,2,35
2017-07-29,26,22,8,3,26
2017-07-28,30,29,4,0,30
2017-07-27,18,18,8,0,18
2017-07-26,23,22,8,0,23
2017-07-25,26,19,3,2,26
2017-07-24,19,15,9,3,19
2017-07-23,19,17,5,0,19
2017-07-22,15,10,8,2,15
2017-07-21,20,16,7,2,20
2017-07-20,18,16,4,4,18
2017-07-19,34,31,12,2,34
2017-07-18,17,16,5,3,17
2017-07-17,26,19,5,6,26
2017-07-16,31,28,10,4,31
2017-07-15,20,20,9,3,20
2017-07-14,16,14,5,0,16
2017-07-13,28,27,11,1,28
2017-07-12,37,30,16,3,37
2017-07-11,28,24,6,1,28
2017-07-10,26,23,10,0,26
2017-07-09,27,25,13,1,27
2017-07-08,29,20,7,6,29
2017-07-07,15,14,3,1,15
2017-07-06,32,31,9,4,32
2017-07-05,28,26,12,3,28
2017-07-04,23,23,10,1,23
2017-07-03,22,19,5,3,22
2017-07-02,24,19,14,0,24
2017-07-01,18,13,8,0,18
2017-06-30,24,15,7,2,24
2017-06-29,18,16,8,3,18
2017-06-28,26,26,13,0,26
2017-06-27,25,23,9,2,25
2017-06-26,16,15,4,2,16
2017-06-25,30,25,11,2,30
2017-06-24,23,22,7,2,23
2017-06-23,25,23,8,4,25
2017-06-22,27,26,9,3,27
2017-06-21,22,19,8,0,22
2017-06-20,22,18,5,2,22
2017-06-19,22,20,7,2,22
2017-06-18,23,19,6,3,23
2017-06-17,39,37,6,0,39
2017-06-16,32,31,10,0,32
2017-06-15,16,14,2,0,16
2017-06-14,24,21,7,2,24
2017-06-13,35,30,10,4,35
2017-06-12,16,14,3,1,16
2017-06-11,29,29,7,4,29
2017-06-10,25,22,3,4,25
2017-06-09,18,16,5,9,18
2017-06-08,23,21,8,3,23
2017-06-07,16,15,5,2,16
2017-06-06,24,20,9,0,24
2017-06-05,29,29,11,3,29
2017-06-04,34,30,12,2,34
2017-06-03,20,16,8,1,20
2017-06-02,36,32,6,10,36
2017-06-01,23,21,9,0,23
2017-05-31,21,19,4,4,21
2017-05-30,19,18,7,2,19
2017-05-29,24,23,13,1,24
2017-05-28,16,15,2,4,16
2017-05-27,17,15,7,3,17
2017-05-26,17,16,5,0,17
2017-05-25,28,24,20,0,28
2017-05-24,24,23,9,3,24
2017-05-23,20,19,8,3,20
2017-05-22,23,19,9,4,23
2017-05-21,28,23,5,2,28
2017-05-20,20,20,10,1,20
2017-05-19,16,14,5,0,16
2017-05-18,25,24,9,1,25
2017-05-17,10,7,5,2,10
2017-05-16,36,35,16,11,36
2017-05-15,20,19,7,2,20
2017-05-14,25,25,9,3,25
2017-05-13,10,9,4,1,10
2017-05-12,12,8,7,0,12
2017-05-11,16,13,5,1,16
2017-05-10,12,11,7,0,12
2017-05-09,18,18,2,1,18
2017-05-08,17,15,4,1,17
2017-05-07,28,25,8,6,28
2017-05-06,18,16,2,1,18
2017-05-05,14,14,7,5,14
2017-05-04,22,17,7,2,22
2017-05-03,20,17,10,4,20
2017-05-02,16,12,9,2,16
2017-05-01,29,23,7,2,29
2017-04-30,22,20,9,3,22
2017-04-29,12,9,2,1,12
2017-04-28,22,21,7,3,22
2017-04-27,16,15,9,0,16
2017-04-26,15,14,5,0,15
2017-04-25,22,15,15,3,22
2017-04-24,17,17,4,0,17
2017-04-23,27,26,10,4,27
2017-04-22,15,13,5,0,15
2017-04-21,18,16,9,2,18
2017-04-20,19,19,8,5,19
2017-04-19,19,15,11,2,19
2017-04-18,13,12,2,2,13
2017-04-17,26,19,7,2,26
2017-04-16,16,15,4,1,16
2017-04-15,24,22,8,2,24
2017-04-14,24,23,8,2,24
2017-04-13,15,13,5,1,15
2017-04-12,10,8,2,0,10
2017-04-11,17,15,7,1,17
2017-04-10,13,10,5,2,13
2017-04-09,17,17,2,3,17
2017-04-08,33,31,15,1,33
2017-04-07,15,13,4,5,15
2017-04-06,16,16,5,2,16
2017-04-05,21,20,9,1,21
2017-04-04,19,18,7,1,19
2017-04-03,14,10,8,0,14
2017-04-02,25,22,7,1,25
2017-04-01,15,15,5,0,15
2017-03-31,22,21,10,0,22
2017-03-30,23,17,5,5,23
2017-03-29,13,13,4,1,13
2017-03-28,20,20,13,3,20
2017-03-27,17,15,3,3,17
2017-03-26,19,19,3,1,19
2017-03-25,23,17,6,2,23
2017-03-24,14,14,5,2,14
2017-03-23,9,9,5,0,9
2017-03-22,25,20,9,3,25
2017-03-21,20,17,11,1,20
2017-03-20,26,26,9,2,26
2017-03-19,25,20,5,3,25
2017-03-18,19,16,7,1,19
2017-03-17,13,12,7,1,13
2017-03-16,9,8,4,1,9
2017-03-15,13,12,3,0,13
2017-03-14,24,23,8,1,24
2017-03-13,10,10,7,1,10
2017-03-12,15,13,1,2,15
2017-03-11,16,13,5,2,16
2017-03-10,21,17,6,1,21
2017-03-09,28,24,7,5,28
2017-03-08,23,21,8,2,23
2017-03-07,24,18,11,4,24
2017-03-06,12,12,7,0,12
2017-03-05,20,17,5,2,20
2017-03-04,19,17,1,6,19
2017-03-03,9,9,0,1,9
2017-03-02,18,15,5,2,18
2017-03-01,24,21,9,2,24
2017-02-28,13,12,2,0,13
2017-02-27,20,16,5,1,20
2017-02-26,18,17,2,2,18
2017-02-25,11,10,3,0,11
2017-02-24,18,16,8,0,18
2017-02-23,15,15,4,2,15
2017-02-22,17,13,6,1,17
2017-02-21,13,11,8,2,13
2017-02-20,19,16,7,2,19
2017-02-19,23,20,7,2,23
2017-02-18,18,17,5,3,18
2017-02-17,21,18,4,3,21
2017-02-16,23,21,3,6,23
2017-02-15,15,12,3,1,15
2017-02-14,28,25,9,2,28
2017-02-13,20,20,8,3,20
2017-02-12,30,26,7,2,30
2017-02-11,20,16,12,0,20
2017-02-10,12,6,4,2,12
2017-02-09,20,17,11,0,20
2017-02-08,20,19,6,2,20
2017-02-07,19,18,6,1,19
2017-02-06,18,18,4,1,18
2017-02-05,33,31,14,3,33
2017-02-04,21,19,6,1,21
2017-02-03,21,17,5,2,21
2017-02-02,13,12,6,1,13
2017-02-01,18,15,7,4,18
2017-01-31,21,19,6,1,21
2017-01-30,24,19,7,2,24
2017-01-29,19,19,7,1,19
2017-01-28,15,12,7,0,15
2017-01-27,21,21,6,4,21
2017-01-26,14,12,3,2,14
2017-01-25,15,13,3,2,15
2017-01-24,13,12,1,1,13
2017-01-23,14,13,3,0,14
2017-01-22,11,11,2,1,11
2017-01-21,15,14,8,3,15
2017-01-20,23,15,11,2,23
2017-01-19,16,11,3,2,16
2017-01-18,18,17,3,0,18
2017-01-17,15,13,4,1,15
2017-01-16,12,12,1,0,12
2017-01-15,26,24,9,3,26
2017-01-14,11,9,3,0,11
2017-01-13,13,11,4,0,13
2017-01-12,22,20,6,1,22
2017-01-11,12,10,4,5,12
2017-01-10,12,11,5,1,12
2017-01-09,21,17,10,1,21
2017-01-08,10,9,5,1,10
2017-01-07,11,9,3,1,11
2017-01-06,12,12,2,1,12
2017-01-05,9,8,3,0,9
2017-01-04,17,14,6,1,17
2017-01-03,15,15,6,2,15
2017-01-02,14,10,4,0,14
2017-01-01,13,11,4,1,13
2016-12-31,17,12,8,1,17
2016-12-30,29,21,16,0,29
2016-12-29,25,20,9,3,25
2016-12-28,19,19,8,1,19
2016-12-27,13,12,4,0,13
2016-12-26,11,10,6,3,11
2016-12-25,10,10,4,0,10
2016-12-24,19,18,5,0,19
2016-12-23,17,15,2,0,17
2016-12-22,17,16,9,0,17
2016-12-21,19,15,7,3,19
2016-12-20,17,17,8,0,17
2016-12-19,22,22,11,0,22
2016-12-18,15,13,1,1,15
2016-12-17,20,18,7,2,20
2016-12-16,22,22,6,1,22
2016-12-15,14,13,2,2,14
2016-12-14,11,10,3,0,11
2016-12-13,19,18,9,0,19
2016-12-12,20,19,6,2,20
2016-12-11,20,15,6,2,20
2016-12-10,11,10,3,0,11
2016-12-09,13,12,4,2,13
2016-12-08,20,18,7,2,20
2016-12-07,15,15,5,3,15
2016-12-06,13,12,1,2,13
2016-12-05,25,25,8,4,25
2016-12-04,16,13,4,2,16
2016-12-03,13,13,6,2,13
2016-12-02,12,10,5,3,12
2016-12-01,20,13,6,1,20
2016-11-30,20,19,2,0,20
2016-11-29,15,12,5,0,15
2016-11-28,12,10,3,0,12
2016-11-27,17,15,8,2,17
2016-11-26,17,15,3,1,17
2016-11-25,13,12,4,1,13
2016-11-24,19,19,2,0,19
2016-11-23,18,18,1,2,18
2016-11-22,14,13,6,0,14
2016-11-21,7,6,5,1,7
2016-11-20,15,14,8,0,15
2016-11-19,11,10,4,0,11
2016-11-18,14,12,3,1,14
2016-11-17,12,10,4,2,12
2016-11-16,12,11,1,1,12
2016-11-15,21,21,10,0,21
2016-11-14,17,16,2,0,17
2016-11-13,14,14,4,3,14
2016-11-12,17,16,4,1,17
2016-11-11,10,8,6,1,10
2016-11-10,14,11,7,0,14
2016-11-09,9,9,5,0,9
2016-11-08,21,14,8,1,21
2016-11-07,23,22,4,1,23
2016-11-06,21,19,11,1,21
2016-11-05,12,11,8,2,12
2016-11-04,10,8,5,1,10
2016-11-03,10,6,3,0,10
2016-11-02,15,10,6,0,15
2016-11-01,18,14,12,0,18
2016-10-31,12,11,5,0,12
2016-10-30,21,17,3,1,21
2016-10-29,21,19,15,1,21
2016-10-28,6,5,2,0,6
2016-10-27,10,10,3,3,10
2016-10-26,9,8,3,0,9
2016-10-25,12,10,4,0,12
2016-10-24,20,14,7,1,20
2016-10-23,16,16,5,0,16
2016-10-22,16,15,3,1,16
2016-10-21,14,10,6,1,14
2016-10-20,5,5,1,0,5
2016-10-19,14,13,7,1,14
2016-10-18,8,7,4,0,8
2016-10-17,24,24,7,4,24
2016-10-16,14,14,1,1,14
2016-10-15,10,8,3,0,10
2016-10-14,16,13,5,0,16
2016-10-13,11,11,4,2,11
2016-10-12,17,14,8,0,17
2016-10-11,16,14,0,0,16
2016-10-10,21,19,8,4,21
2016-10-09,19,19,5,6,19
2016-10-08,25,24,9,3,25
2016-10-07,8,7,3,0,8
2016-10-06,13,9,6,1,13
2016-10-05,10,6,5,0,10
2016-10-04,9,8,4,2,9
2016-10-03,14,12,5,0,14
2016-10-02,10,10,4,1,10
2016-10-01,23,14,7,2,23
2016-09-30,11,8,2,1,11
2016-09-29,20,17,10,1,20
2016-09-28,4,4,1,0,4
2016-09-27,16,14,7,3,16
2016-09-26,13,13,5,1,13
2016-09-25,26,25,17,0,26
2016-09-24,6,6,0,3,6
2016-09-23,19,17,9,3,19
2016-09-22,8,5,6,2,8
2016-09-21,8,8,3,2,8
2016-09-20,25,22,5,1,25
2016-09-19,12,12,5,0,12
2016-09-18,13,11,4,2,13
2016-09-17,12,11,3,0,12
2016-09-16,25,19,14,1,25
2016-09-15,9,8,2,0,9
2016-09-14,8,6,2,0,8
2016-09-13,19,19,4,2,19
2016-09-12,11,10,9,0,11
2016-09-11,16,14,8,3,16
2016-09-10,27,23,10,4,27
2016-09-09,6,5,1,2,6
2016-09-08,9,7,1,3,9
2016-09-07,10,9,0,2,10
2016-09-06,8,8,5,2,8
2016-09-05,13,12,7,2,13
2016-09-04,10,10,4,1,10
2016-09-03,11,9,5,1,11
2016-09-02,5,4,2,0,5
2016-09-01,18,15,8,0,18
2016-08-31,16,16,7,0,16
2016-08-30,16,13,9,4,16
2016-08-29,24,21,11,1,24
2016-08-28,15,13,5,2,15
2016-08-27,15,15,5,0,15
2016-08-26,4,4,0,1,4
2016-08-25,7,5,2,0,7
2016-08-24,16,14,7,2,16
2016-08-23,17,14,5,3,17
2016-08-22,18,16,8,3,18
2016-08-21,21,21,7,0,21
2016-08-20,12,9,2,1,12
2016-08-19,16,15,1,0,16
2016-08-18,13,12,5,1,13
2016-08-17,16,13,4,1,16
2016-08-16,11,11,1,1,11
2016-08-15,20,18,4,0,20
2016-08-14,19,16,5,1,19
2016-08-13,16,11,4,0,16
2016-08-12,15,12,3,1,15
2016-08-11,9,8,5,0,9
2016-08-10,14,14,6,2,14
2016-08-09,14,12,4,0,14
2016-08-08,14,14,4,1,14
2016-08-07,6,5,2,1,6
2016-08-06,17,14,7,0,17
2016-08-05,24,21,8,1,24
2016-08-04,12,11,3,0,12
2016-08-03,26,26,4,1,26
2016-08-02,19,17,4,2,19
2016-08-01,15,13,6,0,15
2016-07-31,11,10,2,0,11
2016-07-30,14,12,8,2,14
2016-07-29,16,14,8,2,16
2016-07-28,19,15,4,1,19
2016-07-27,13,12,3,1,13
2016-07-26,25,21,6,1,25
2016-07-25,12,12,4,0,12
2016-07-24,21,18,5,4,21
2016-07-23,12,11,2,2,12
2016-07-22,19,17,7,5,19
2016-07-21,7,7,5,0,7
2016-07-20,24,23,5,2,24
2016-07-19,17,16,5,0,17
2016-07-18,15,15,2,0,15
2016-07-17,21,20,11,2,21
2016-07-16,9,9,3,0,9
2016-07-15,13,10,5,1,13
2016-07-14,14,12,6,2,14
2016-07-13,20,18,11,2,20
2016-07-12,19,17,13,0,19
2016-07-11,13,13,3,0,13
2016-07-10,9,9,4,2,9
2016-07-09,16,15,5,3,16
2016-07-08,24,15,15,0,24
2016-07-07,21,20,7,2,21
2016-07-06,23,20,8,1,23
2016-07-05,15,13,7,0,15
2016-07-04,13,12,2,3,13
2016-07-03,15,14,7,0,15
2016-07-02,12,11,7,0,12
2016-07-01,31,22,17,1,31
2016-06-30,14,13,1,1,14
2016-06-29,20,11,9,1,20
2016-06-28,17,11,4,2,17
2016-06-27,21,18,5,2,21
2016-06-26,12,11,5,1,12
2016-06-25,11,8,2,1,11
2016-06-24,19,15,3,0,19
2016-06-23,18,17,5,1,18
2016-06-22,18,16,7,4,18
2016-06-21,8,8,1,0,8
2016-06-20,12,10,3,1,12
2016-06-19,16,14,8,1,16
2016-06-18,16,15,5,1,16
2016-06-17,12,9,2,0,12
2016-06-16,19,19,6,1,19
2016-06-15,22,21,5,1,22
2016-06-14,14,13,7,2,14
2016-06-13,19,16,8,0,19
2016-06-12,12,11,4,2,12
2016-06-11,18,13,2,2,18
2016-06-10,19,18,9,0,19
2016-06-09,13,12,6,1,13
2016-06-08,23,22,4,3,23
2016-06-07,22,20,14,1,22
2016-06-06,19,17,7,1,19
2016-06-05,9,6,3,2,9
2016-06-04,18,16,6,0,18
2016-06-03,10,8,4,0,10
2016-06-02,13,13,10,4,13
2016-06-01,11,8,4,0,11
2016-05-31,21,20,8,2,21
2016-05-30,23,20,8,2,23
2016-05-29,12,9,3,1,12
2016-05-28,14,10,7,0,14
2016-05-27,10,6,2,1,10
2016-05-26,11,9,4,2,11
2016-05-25,17,15,4,2,17
2016-05-24,16,14,4,5,16
2016-05-23,24,21,8,3,24
2016-05-22,17,13,9,3,17
2016-05-21,24,20,10,4,24
2016-05-20,23,21,3,2,23
2016-05-19,8,4,6,0,8
2016-05-18,10,9,2,0,10
2016-05-17,14,11,4,0,14
2016-05-16,8,6,5,0,8
2016-05-15,14,12,5,0,14
2016-05-14,10,9,3,2,10
2016-05-13,7,7,2,0,7
2016-05-12,14,12,6,1,14
2016-05-11,9,7,4,0,9
2016-05-10,13,10,7,1,13
2016-05-09,17,17,5,1,17
2016-05-08,9,9,4,0,9
2016-05-07,10,9,4,2,10
2016-05-06,19,17,6,2,19
2016-05-05,9,9,4,0,9
2016-05-04,9,5,2,0,9
2016-05-03,12,11,3,1,12
2016-05-02,14,9,5,0,14
2016-05-01,15,14,5,2,15
2016-04-30,11,8,4,1,11
2016-04-29,12,8,7,0,12
2016-04-28,7,7,0,0,7
2016-04-27,14,9,7,2,14
2016-04-26,10,8,3,0,10
2016-04-25,13,9,9,2,13
2016-04-24,18,16,6,0,18
2016-04-23,14,12,3,0,14
2016-04-22,7,5,2,0,7
2016-04-21,12,9,6,0,12
2016-04-20,15,11,2,1,15
2016-04-19,15,12,6,2,15
2016-04-18,5,5,0,0,5
2016-04-17,15,11,6,1,15
2016-04-16,9,8,4,1,9
2016-04-15,6,5,2,0,6
2016-04-14,9,8,3,0,9
2016-04-13,6,5,3,0,6
2016-04-12,12,12,10,0,12
2016-04-11,13,13,6,0,13
2016-04-10,10,10,2,1,10
2016-04-09,11,8,1,1,11
2016-04-08,9,7,3,0,9
2016-04-07,9,9,2,0,9
2016-04-06,8,7,2,0,8
2016-04-05,20,18,4,2,20
2016-04-04,12,11,8,0,12
2016-04-03,21,16,5,1,21
2016-04-02,8,7,1,0,8
2016-04-01,7,7,1,0,7
2016-03-31,12,10,2,1,12
2016-03-30,6,3,1,0,6
2016-03-29,15,12,9,0,15
2016-03-28,14,11,3,0,14
2016-03-27,11,8,5,1,11
2016-03-26,9,8,0,1,9
2016-03-25,11,8,7,2,11
2016-03-24,11,11,7,5,11
2016-03-23,12,10,6,0,12
2016-03-22,7,7,0,0,7
2016-03-21,4,4,3,0,4
2016-03-20,14,13,2,0,14
2016-03-19,16,13,7,2,16
2016-03-18,10,7,2,1,10
2016-03-17,11,10,5,1,11
2016-03-16,13,12,0,0,13
2016-03-15,16,15,8,6,16
2016-03-14,22,18,3,0,22
2016-03-13,13,12,5,0,13
2016-03-12,7,5,3,0,7
2016-03-11,11,9,3,0,11
2016-03-10,14,11,6,1,14
2016-03-09,14,14,5,1,14
2016-03-08,11,9,2,2,11
2016-03-07,11,10,1,1,11
2016-03-06,14,12,4,3,14
2016-03-05,14,14,2,0,14
2016-03-04,11,8,3,0,11
2016-03-03,7,7,4,0,7
2016-03-02,13,9,8,0,13
2016-03-01,19,17,11,1,19
2016-02-29,20,15,11,3,20
2016-02-28,13,10,3,0,13
2016-02-27,14,12,9,1,14
2016-02-26,12,12,2,2,12
2016-02-25,13,13,0,0,13
2016-02-24,8,7,4,0,8
2016-02-23,16,16,3,1,16
2016-02-22,10,9,0,1,10
2016-02-21,16,16,6,3,16
2016-02-20,12,12,7,1,12
2016-02-19,14,11,5,0,14
2016-02-18,8,8,3,1,8
2016-02-17,8,7,3,0,8
2016-02-16,18,17,8,0,18
2016-02-15,25,20,13,2,25
2016-02-14,28,23,4,2,28
2016-02-13,8,8,5,0,8
2016-02-12,11,7,5,5,11
2016-02-11,8,6,4,0,8
2016-02-10,7,5,2,0,7
2016-02-09,7,6,2,0,7
2016-02-08,15,13,3,0,15
2016-02-07,12,10,8,1,12
2016-02-06,21,17,6,4,21
2016-02-05,10,8,2,0,10
2016-02-04,12,11,5,0,12
2016-02-03,8,8,4,0,8
2016-02-02,12,10,3,1,12
2016-02-01,12,10,6,0,12
2016-01-31,22,19,11,2,22
2016-01-30,15,13,3,4,15
2016-01-29,11,7,8,0,11
2016-01-28,10,9,5,0,10
2016-01-27,12,10,2,0,12
2016-01-26,11,11,6,0,11
2016-01-25,9,8,5,0,9
2016-01-24,17,14,8,1,17
2016-01-23,15,15,3,4,15
2016-01-22,7,7,3,1,7
2016-01-21,8,6,2,1,8
2016-01-20,9,9,5,2,9
2016-01-19,14,13,1,0,14
2016-01-18,13,10,3,0,13
2016-01-17,11,9,8,3,11
2016-01-16,6,3,3,0,6
2016-01-15,8,5,3,0,8
2016-01-14,11,11,4,0,11
2016-01-13,15,12,5,1,15
2016-01-12,16,16,10,1,16
2016-01-11,9,7,4,0,9
2016-01-10,17,17,3,1,17
2016-01-09,17,15,13,0,17
2016-01-08,9,7,7,0,9
2016-01-07,9,9,4,0,9
2016-01-06,15,10,7,0,15
2016-01-05,10,9,3,1,10
2016-01-04,10,10,4,3,10
2016-01-03,16,14,5,2,16
2016-01-02,11,10,5,0,11
2016-01-01,13,13,5,1,13
2015-12-31,7,7,3,1,7
2015-12-30,19,15,10,3,19
2015-12-29,10,10,4,1,10
2015-12-28,14,12,7,0,14
2015-12-27,15,14,3,0,15
2015-12-26,11,9,5,1,11
2015-12-25,19,18,9,2,19
2015-12-24,24,22,3,2,24
2015-12-23,19,16,9,3,19
2015-12-22,13,13,7,0,13
2015-12-21,14,12,3,1,14
2015-12-20,21,19,4,2,21
2015-12-19,9,6,1,1,9
2015-12-18,15,14,2,0,15
2015-12-17,10,10,4,0,10
2015-12-16,9,8,1,0,9
2015-12-15,8,7,6,0,8
2015-12-14,13,10,2,0,13
2015-12-13,5,3,1,1,5
2015-12-12,5,3,0,0,5
2015-12-11,5,5,0,0,5
2015-12-10,10,10,6,0,10
2015-12-09,13,13,2,2,13
2015-12-08,9,9,4,0,9
2015-12-07,9,6,1,1,9
2015-12-06,9,9,2,1,9
2015-12-05,13,13,7,1,13
2015-12-04,11,9,3,0,11
2015-12-03,8,8,1,0,8
2015-12-02,4,4,0,1,4
2015-12-01,10,9,2,1,10
2015-11-30,15,14,4,0,15
2015-11-29,13,11,3,0,13
2015-11-28,10,9,4,2,10
2015-11-27,17,17,11,3,17
2015-11-26,7,6,0,0,7
2015-11-25,14,12,2,4,14
2015-11-24,4,4,3,0,4
2015-11-23,12,12,1,0,12
2015-11-22,14,13,4,0,14
2015-11-21,7,5,2,1,7
2015-11-20,13,11,4,0,13
2015-11-19,7,5,1,3,7
2015-11-18,7,7,4,0,7
2015-11-17,9,7,1,0,9
2015-11-16,6,6,1,1,6
2015-11-15,6,6,0,0,6
2015-11-14,9,7,3,1,9
2015-11-13,14,14,1,0,14
2015-11-12,7,5,0,0,7
2015-11-11,5,4,1,0,5
2015-11-10,9,9,5,0,9
2015-11-09,11,10,2,1,11
2015-11-08,9,8,1,0,9
2015-11-07,6,5,4,1,6
2015-11-06,10,6,0,1,10
2015-11-05,9,9,3,0,9
2015-11-04,7,6,3,0,7
2015-11-03,9,9,4,0,9
2015-11-02,16,14,4,0,16
2015-11-01,13,8,8,0,13
2015-10-31,10,10,5,0,10
2015-10-30,8,4,5,0,8
2015-10-29,7,5,0,1,7
2015-10-28,4,3,3,0,4
2015-10-27,4,3,1,0,4
2015-10-26,8,7,0,1,8
2015-10-25,8,5,4,0,8
2015-10-24,12,12,1,2,12
2015-10-23,8,7,2,3,8
2015-10-22,8,8,1,1,8
2015-10-21,7,7,2,2,7
2015-10-20,19,13,13,0,19
2015-10-19,3,3,0,0,3
2015-10-18,7,5,4,0,7
2015-10-17,7,6,2,1,7
2015-10-16,7,7,2,2,7
2015-10-15,3,2,0,0,3
2015-10-14,6,5,1,0,6
2015-10-13,15,13,6,2,15
2015-10-12,11,8,2,5,11
2015-10-11,12,10,6,1,12
2015-10-10,9,9,1,0,9
2015-10-09,5,5,1,0,5
2015-10-08,6,4,2,0,6
2015-10-07,18,16,0,5,18
2015-10-06,16,15,5,1,16
2015-10-05,18,18,5,2,18
2015-10-04,12,12,3,0,12
2015-10-03,14,14,3,1,14
2015-10-02,7,5,5,1,7
2015-10-01,11,11,8,1,11
2015-09-30,7,7,2,0,7
2015-09-29,13,13,8,0,13
2015-09-28,16,15,1,2,16
2015-09-27,14,11,8,0,14
2015-09-26,6,6,0,0,6
2015-09-25,6,3,2,0,6
2015-09-24,12,10,1,0,12
2015-09-23,16,13,6,1,16
2015-09-22,11,10,4,1,11
2015-09-21,9,4,6,0,9
2015-09-20,21,18,5,0,21
2015-09-19,8,7,3,0,8
2015-09-18,14,12,9,2,14
2015-09-17,11,11,5,0,11
2015-09-16,7,5,3,0,7
2015-09-15,10,9,4,0,10
2015-09-14,11,8,4,0,11
2015-09-13,11,11,0,0,11
2015-09-12,7,6,1,0,7
2015-09-11,14,14,6,0,14
2015-09-10,14,13,8,1,14
2015-09-09,19,18,6,0,19
2015-09-08,1,1,0,0,1
2015-09-07,15,14,6,1,15
2015-09-06,10,10,4,0,10
2015-09-05,18,16,8,1,18
2015-09-04,14,11,0,0,14
2015-09-03,7,7,2,0,7
2015-09-02,6,6,3,0,6
2015-09-01,10,9,1,1,10
2015-08-31,15,14,6,0,15
2015-08-30,10,8,2,0,10
2015-08-29,12,9,3,0,12
2015-08-28,12,8,5,0,12
2015-08-27,5,4,2,0,5
2015-08-26,8,6,6,0,8
2015-08-25,15,14,5,3,15
2015-08-24,4,4,2,0,4
2015-08-23,9,9,4,0,9
2015-08-22,17,14,4,3,17
2015-08-21,15,15,5,0,15
2015-08-20,12,11,1,0,12
2015-08-19,8,7,2,0,8
2015-08-18,4,4,1,0,4
2015-08-17,17,14,6,2,17
2015-08-16,15,14,7,0,15
2015-08-15,16,14,3,0,16
2015-08-14,9,9,2,0,9
2015-08-13,16,14,6,0,16
2015-08-12,10,10,1,1,10
2015-08-11,11,11,2,0,11
2015-08-10,11,10,2,0,11
2015-08-09,12,12,3,0,12
2015-08-08,2,2,0,0,2
2015-08-07,10,10,2,2,10
2015-08-06,7,6,1,0,7
2015-08-05,5,4,3,2,5
2015-08-04,8,6,4,1,8
2015-08-03,11,8,2,2,11
2015-08-02,9,6,3,1,9
2015-08-01,2,2,0,0,2
2015-07-31,21,18,5,0,21
2015-07-30,9,9,4,6,9
2015-07-29,10,10,3,2,10
2015-07-28,9,6,2,0,9
2015-07-27,10,8,4,0,10
2015-07-26,12,11,4,3,12
2015-07-25,9,9,1,2,9
2015-07-24,18,14,7,0,18
2015-07-23,4,3,0,0,4
2015-07-22,5,5,1,0,5
2015-07-21,11,10,4,0,11
2015-07-20,12,9,5,0,12
2015-07-19,8,8,0,0,8
2015-07-18,7,7,2,0,7
2015-07-17,9,8,1,1,9
2015-07-16,9,8,2,1,9
2015-07-15,11,11,4,3,11
2015-07-14,7,7,2,1,7
2015-07-13,4,4,2,0,4
2015-07-12,12,12,1,3,12
2015-07-11,10,10,3,1,10
2015-07-10,14,14,7,2,14
2015-07-09,10,7,3,0,10
2015-07-08,5,4,2,1,5
2015-07-07,13,10,6,2,13
2015-07-06,7,7,1,2,7
2015-07-05,14,11,7,0,14
2015-07-04,16,12,6,0,16
2015-07-03,22,20,5,2,22
2015-07-02,16,14,6,0,16
2015-07-01,11,10,4,0,11
2015-06-30,19,16,8,1,19
2015-06-29,19,17,7,4,19
2015-06-28,10,9,1,2,10
2015-06-27,14,13,4,2,14
2015-06-26,15,13,2,0,15
2015-06-25,8,7,1,1,8
2015-06-24,16,13,10,0,16
2015-06-23,11,11,2,0,11
2015-06-22,18,13,10,0,18
2015-06-21,13,10,4,1,13
2015-06-20,8,8,0,1,8
2015-06-19,10,10,3,1,10
2015-06-18,7,6,3,0,7
2015-06-17,11,9,5,2,11
2015-06-16,10,8,1,2,10
2015-06-15,11,11,5,0,11
2015-06-14,9,8,3,2,9
2015-06-13,16,16,4,1,16
2015-06-12,11,9,7,0,11
2015-06-11,10,10,2,2,10
2015-06-10,11,11,4,2,11
2015-06-09,6,4,2,0,6
2015-06-08,4,4,0,0,4
2015-06-07,23,18,7,1,23
2015-06-06,9,8,2,1,9
2015-06-05,10,10,3,0,10
2015-06-04,13,12,3,0,13
2015-06-03,10,10,1,0,10
2015-06-02,6,6,4,2,6
2015-06-01,10,6,8,5,10
2015-05-31,3,3,0,0,3
2015-05-30,7,4,2,0,7
2015-05-29,9,7,2,0,9
2015-05-28,8,6,4,1,8
2015-05-27,5,4,4,0,5
2015-05-26,6,5,1,1,6
2015-05-25,8,7,6,0,8
2015-05-24,7,7,1,0,7
2015-05-23,10,10,4,2,10
2015-05-22,6,6,2,0,6
2015-05-21,13,12,2,1,13
2015-05-20,3,3,2,0,3
2015-05-19,6,5,1,0,6
2015-05-18,13,11,6,1,13
2015-05-17,15,12,4,0,15
2015-05-16,5,3,0,0,5
2015-05-15,10,8,2,0,10
2015-05-14,6,6,2,0,6
2015-05-13,6,5,3,0,6
2015-05-12,4,4,2,1,4
2015-05-11,9,7,3,0,9
2015-05-10,9,8,2,3,9
2015-05-09,8,6,5,0,8
2015-05-08,11,10,9,2,11
2015-05-07,10,10,0,2,10
2015-05-06,10,7,5,0,10
2015-05-05,10,10,4,0,10
2015-05-04,7,6,3,2,7
2015-05-03,9,9,3,2,9
2015-05-02,5,4,1,2,5
2015-05-01,9,8,0,0,9
2015-04-30,6,6,1,0,6
2015-04-29,12,12,2,2,12
2015-04-28,10,8,7,2,10
2015-04-27,3,2,1,1,3
2015-04-26,7,6,1,0,7
2015-04-25,2,1,0,0,2
2015-04-24,14,10,6,3,14
2015-04-23,14,12,6,1,14
2015-04-22,8,7,2,0,8
2015-04-21,7,7,1,0,7
2015-04-20,9,7,7,2,9
2015-04-19,8,7,2,4,8
2015-04-18,11,6,3,3,11
2015-04-17,10,9,3,2,10
2015-04-16,14,14,5,0,14
2015-04-15,3,2,0,0,3
2015-04-14,11,11,6,3,11
2015-04-13,15,14,9,0,15
2015-04-12,14,13,2,1,14
2015-04-11,10,8,2,1,10
2015-04-10,10,8,5,0,10
2015-04-09,4,4,1,1,4
2015-04-08,8,8,2,0,8
2015-04-07,12,12,5,0,12
2015-04-06,9,7,5,0,9
2015-04-05,8,5,4,0,8
2015-04-04,8,4,1,1,8
2015-04-03,6,6,5,0,6
2015-04-02,9,7,4,1,9
2015-04-01,13,9,2,1,13
2015-03-31,10,8,7,0,10
2015-03-30,15,15,8,6,15
2015-03-29,6,5,2,0,6
2015-03-28,10,6,5,3,10
2015-03-27,8,6,2,0,8
2015-03-26,9,8,1,1,9
2015-03-25,10,8,1,0,10
2015-03-24,9,7,5,2,9
2015-03-23,11,9,4,1,11
2015-03-22,6,6,1,1,6
2015-03-21,8,8,1,0,8
2015-03-20,6,6,2,1,6
2015-03-19,9,8,5,0,9
2015-03-18,10,6,1,0,10
2015-03-17,4,4,3,0,4
2015-03-16,7,6,3,0,7
2015-03-15,5,3,0,0,5
2015-03-14,8,8,3,3,8
2015-03-13,7,6,0,0,7
2015-03-12,10,8,1,0,10
2015-03-11,4,4,1,0,4
2015-03-10,3,3,2,0,3
2015-03-09,9,8,4,1,9
2015-03-08,13,12,4,1,13
2015-03-07,9,8,2,0,9
2015-03-06,9,8,2,0,9
2015-03-05,5,3,0,0,5
2015-03-04,6,5,4,3,6
2015-03-03,12,8,5,0,12
2015-03-02,15,12,8,0,15
2015-03-01,21,20,5,3,21
2015-02-28,10,9,4,2,10
2015-02-27,3,2,1,0,3
2015-02-26,12,12,1,1,12
2015-02-25,9,8,3,1,9
2015-02-24,11,8,2,0,11
2015-02-23,11,8,4,0,11
2015-02-22,15,15,3,0,15
2015-02-21,8,3,3,1,8
2015-02-20,8,8,0,0,8
2015-02-19,11,8,2,0,11
2015-02-18,6,6,1,0,6
2015-02-17,9,8,4,1,9
2015-02-16,11,11,5,0,11
2015-02-15,9,8,1,2,9
2015-02-14,8,8,2,4,8
2015-02-13,5,5,3,0,5
2015-02-12,12,9,4,1,12
2015-02-11,13,11,5,0,13
2015-02-10,11,11,7,4,11
2015-02-09,11,10,5,0,11
2015-02-08,7,7,2,0,7
2015-02-07,10,8,8,0,10
2015-02-06,7,6,1,0,7
2015-02-05,6,4,1,0,6
2015-02-04,4,3,0,1,4
2015-02-03,7,7,1,0,7
2015-02-02,7,6,2,1,7
2015-02-01,6,5,1,1,6
2015-01-31,6,4,6,1,6
2015-01-30,7,6,3,2,7
2015-01-29,6,5,3,1,6
2015-01-28,3,3,1,0,3
2015-01-27,4,4,4,0,4
2015-01-26,7,7,1,1,7
2015-01-25,9,9,2,0,9
2015-01-24,4,3,3,0,4
2015-01-23,4,4,1,0,4
2015-01-22,5,5,2,1,5
2015-01-21,6,5,3,0,6
2015-01-20,6,6,1,2,6
2015-01-19,4,4,1,0,4
2015-01-18,6,5,5,0,6
2015-01-17,10,10,4,1,10
2015-01-16,4,4,0,0,4
2015-01-15,4,2,3,0,4
2015-01-14,8,7,4,0,8
2015-01-13,4,4,0,0,4
2015-01-12,7,4,2,3,7
2015-01-11,5,4,1,0,5
2015-01-10,2,2,1,0,2
2015-01-09,6,6,1,0,6
2015-01-08,12,12,7,0,12
2015-01-07,5,4,2,0,5
2015-01-06,9,9,1,0,9
2015-01-05,13,11,7,0,13
2015-01-04,9,8,3,1,9
2015-01-03,8,7,2,0,8
2015-01-02,8,8,4,0,8
2015-01-01,7,7,3,0,7
2014-12-31,8,7,3,1,8
2014-12-30,7,3,1,0,7
2014-12-29,5,4,3,0,5
2014-12-28,9,9,3,0,9
2014-12-27,7,6,2,1,7
2014-12-26,5,4,1,0,5
2014-12-25,8,8,1,0,8
2014-12-24,13,12,0,1,13
2014-12-23,9,7,4,1,9
2014-12-22,13,13,4,1,13
2014-12-21,7,7,2,0,7
2014-12-20,10,10,3,0,10
2014-12-19,6,5,0,0,6
2014-12-18,5,5,3,0,5
2014-12-17,12,12,5,1,12
2014-12-16,4,3,2,1,4
2014-12-15,10,10,4,2,10
2014-12-14,5,5,2,0,5
2014-12-13,3,2,0,0,3
2014-12-12,5,5,1,1,5
2014-12-11,4,2,2,0,4
2014-12-10,13,12,4,0,13
2014-12-09,8,6,3,0,8
2014-12-08,6,5,3,0,6
2014-12-07,5,5,1,0,5
2014-12-06,8,7,1,4,8
2014-12-05,5,5,1,0,5
2014-12-04,4,4,1,0,4
2014-12-03,6,6,2,1,6
2014-12-02,11,10,2,0,11
2014-12-01,8,7,4,2,8
2014-11-30,8,7,1,1,8
2014-11-29,6,5,3,0,6
2014-11-28,2,1,1,0,2
2014-11-27,9,6,1,3,9
2014-11-26,10,9,8,1,10
2014-11-25,4,4,1,1,4
2014-11-24,11,10,4,1,11
2014-11-23,8,2,2,0,8
2014-11-22,3,3,0,1,3
2014-11-21,9,8,2,3,9
2014-11-20,4,4,2,1,4
2014-11-19,2,2,0,0,2
2014-11-18,4,2,2,0,4
2014-11-17,4,4,0,1,4
2014-11-16,11,10,3,1,11
2014-11-15,2,2,1,0,2
2014-11-14,9,8,5,0,9
2014-11-13,5,3,0,0,5
2014-11-12,11,10,4,2,11
2014-11-11,4,4,2,0,4
2014-11-10,4,3,1,0,4
2014-11-09,5,5,1,0,5
2014-11-08,12,12,6,0,12
2014-11-07,8,8,4,2,8
2014-11-06,2,2,1,0,2
2014-11-05,5,5,3,0,5
2014-11-04,2,2,1,0,2
2014-11-03,10,6,1,2,10
2014-11-02,12,12,1,1,12
2014-11-01,6,4,1,0,6
2014-10-31,2,2,1,1,2
2014-10-30,8,6,1,0,8
2014-10-29,1,1,0,0,1
2014-10-28,11,9,1,0,11
2014-10-27,8,8,0,0,8
2014-10-26,6,5,0,2,6
2014-10-25,7,6,3,1,7
2014-10-24,6,5,1,1,6
2014-10-23,4,3,2,0,4
2014-10-22,7,7,3,0,7
2014-10-21,8,8,8,0,8
2014-10-20,5,5,1,1,5
2014-10-19,7,7,6,0,7
2014-10-18,6,6,1,0,6
2014-10-17,1,1,1,0,1
2014-10-16,9,8,4,1,9
2014-10-15,7,5,4,0,7
2014-10-14,5,5,1,1,5
2014-10-13,3,3,1,0,3
2014-10-12,11,10,10,0,11
2014-10-11,6,5,1,0,6
2014-10-10,8,5,5,0,8
2014-10-09,5,4,3,0,5
2014-10-08,6,6,3,0,6
2014-10-07,7,5,2,1,7
2014-10-06,3,3,0,0,3
2014-10-05,3,3,0,1,3
2014-10-04,13,13,10,1,13
2014-10-03,6,5,0,2,6
2014-10-02,4,3,1,0,4
2014-10-01,6,6,3,0,6
2014-09-30,9,9,5,1,9
2014-09-29,9,8,2,0,9
2014-09-28,5,4,2,1,5
2014-09-27,5,1,1,1,5
2014-09-26,8,7,3,3,8
2014-09-25,6,6,2,0,6
2014-09-24,5,5,1,0,5
2014-09-23,7,7,2,0,7
2014-09-22,9,9,6,0,9
2014-09-21,2,1,1,0,2
2014-09-20,8,8,2,0,8
2014-09-19,6,4,2,0,6
2014-09-18,2,2,1,0,2
2014-09-17,7,7,4,3,7
2014-09-16,9,8,6,0,9
2014-09-15,8,8,2,0,8
2014-09-14,2,2,1,0,2
2014-09-13,3,3,0,1,3
2014-09-12,7,6,1,1,7
2014-09-11,6,6,3,0,6
2014-09-10,9,5,3,3,9
2014-09-09,2,2,1,1,2
2014-09-08,3,3,2,0,3
2014-09-07,16,15,8,1,16
2014-09-06,5,4,1,1,5
2014-09-05,8,8,2,2,8
2014-09-04,1,1,1,0,1
2014-09-03,5,3,0,0,5
2014-09-02,8,7,2,1,8
2014-09-01,4,3,3,0,4
2014-08-31,10,10,2,0,10
2014-08-30,1,1,1,0,1
2014-08-29,10,10,8,0,10
2014-08-28,9,9,4,0,9
2014-08-27,10,9,3,0,10
2014-08-26,4,4,1,0,4
2014-08-25,4,3,2,0,4
2014-08-24,8,8,8,0,8
2014-08-23,12,9,8,0,12
2014-08-22,6,6,3,0,6
2014-08-21,10,7,2,1,10
2014-08-20,3,1,0,1,3
2014-08-19,11,11,6,0,11
2014-08-18,4,4,1,0,4
2014-08-17,5,5,2,1,5
2014-08-16,2,2,0,0,2
2014-08-15,1,1,0,0,1
2014-08-14,4,4,0,2,4
2014-08-13,5,3,2,0,5
2014-08-12,8,7,0,0,8
2014-08-11,10,10,6,0,10
2014-08-10,7,7,4,0,7
2014-08-09,8,6,1,2,8
2014-08-08,4,4,2,0,4
2014-08-07,5,4,4,0,5
2014-08-06,11,10,9,0,11
2014-08-05,2,0,1,1,2
2014-08-04,5,5,4,0,5
2014-08-03,7,7,4,0,7
2014-08-02,3,1,0,1,3
2014-08-01,14,11,0,0,14
2014-07-31,7,6,7,0,7
2014-07-30,5,4,2,1,5
2014-07-29,12,9,4,1,12
2014-07-28,8,8,4,0,8
2014-07-27,6,5,2,0,6
2014-07-26,3,3,2,0,3
2014-07-25,5,5,0,0,5
2014-07-24,2,2,1,0,2
2014-07-23,3,1,1,2,3
2014-07-22,14,11,6,1,14
2014-07-21,6,4,0,1,6
2014-07-20,6,5,1,0,6
2014-07-19,6,4,2,0,6
2014-07-18,7,7,3,1,7
2014-07-17,5,4,2,0,5
2014-07-16,7,6,2,2,7
2014-07-15,10,8,6,0,10
2014-07-14,11,10,4,2,11
2014-07-13,9,7,3,0,9
2014-07-12,10,10,0,3,10
2014-07-11,5,5,2,0,5
2014-07-10,3,3,3,0,3
2014-07-09,7,7,4,0,7
2014-07-08,6,6,3,1,6
2014-07-07,11,10,3,0,11
2014-07-06,3,3,0,0,3
2014-07-05,3,3,0,0,3
2014-07-04,9,3,3,0,9
2014-07-03,8,7,3,0,8
2014-07-02,12,12,9,0,12
2014-07-01,2,2,1,1,2
2014-06-30,6,6,2,3,6
2014-06-29,7,5,1,0,7
2014-06-28,6,4,0,0,6
2014-06-27,3,3,2,0,3
2014-06-26,6,5,2,1,6
2014-06-25,5,5,3,0,5
2014-06-24,3,2,1,0,3
2014-06-23,8,6,3,0,8
2014-06-22,6,6,1,0,6
2014-06-21,6,6,3,0,6
2014-06-20,5,5,1,0,5
2014-06-19,2,2,0,0,2
2014-06-18,8,7,6,0,8
2014-06-17,4,4,3,0,4
2014-06-16,9,9,8,0,9
2014-06-15,4,3,1,0,4
2014-06-14,8,7,2,0,8
2014-06-13,2,2,0,0,2
2014-06-12,3,3,0,0,3
2014-06-11,4,4,1,1,4
2014-06-10,1,1,0,1,1
2014-06-09,3,3,0,0,3
2014-06-08,1,1,1,0,1
2014-06-07,4,1,3,0,4
2014-06-06,6,5,4,0,6
2014-06-05,2,2,2,0,2
2014-06-04,3,1,0,2,3
2014-06-03,7,4,3,2,7
2014-06-02,6,6,3,1,6
2014-06-01,3,3,2,0,3
2014-05-31,2,2,0,0,2
2014-05-30,3,3,3,0,3
2014-05-29,1,1,0,0,1
2014-05-28,5,3,3,1,5
2014-05-27,4,3,2,0,4
2014-05-26,3,2,2,0,3
2014-05-25,7,5,2,1,7
2014-05-24,2,1,0,0,2
2014-05-22,4,4,1,0,4
2014-05-21,3,3,0,0,3
2014-05-20,5,5,3,0,5
2014-05-19,6,6,2,0,6
2014-05-18,5,4,4,0,5
2014-05-17,3,2,0,0,3
2014-05-16,6,6,4,0,6
2014-05-15,1,1,0,0,1
2014-05-13,7,5,2,1,7
2014-05-12,6,3,4,0,6
2014-05-11,11,11,3,0,11
2014-05-10,2,1,0,0,2
2014-05-09,2,2,1,2,2
2014-05-08,8,8,5,0,8
2014-05-07,7,7,5,0,7
2014-05-06,3,2,0,1,3
2014-05-04,7,7,0,0,7
2014-05-03,2,2,2,0,2
2014-05-02,4,3,2,1,4
2014-05-01,2,2,2,0,2
2014-04-30,10,7,4,3,10
2014-04-29,1,1,0,0,1
2014-04-28,2,2,0,0,2
2014-04-27,2,2,1,0,2
2014-04-26,6,4,2,2,6
2014-04-25,6,3,3,0,6
2014-04-24,2,1,1,0,2
2014-04-23,3,3,0,0,3
2014-04-22,8,8,0,0,8
2014-04-21,1,1,0,0,1
2014-04-20,2,2,2,0,2
2014-04-19,2,0,2,0,2
2014-04-18,2,2,2,0,2
2014-04-17,5,4,2,0,5
2014-04-16,7,7,2,0,7
2014-04-15,9,9,6,0,9
2014-04-14,1,1,0,0,1
2014-04-13,4,3,2,0,4
2014-04-12,2,2,1,0,2
2014-04-11,2,2,1,0,2
2014-04-10,6,6,0,0,6
2014-04-09,14,10,7,0,14
2014-04-08,4,2,1,0,4
2014-04-07,4,3,1,0,4
2014-04-06,1,1,0,0,1
2014-04-05,4,3,3,0,4
2014-04-04,2,1,1,0,2
2014-04-03,5,4,2,0,5
2014-04-02,4,1,3,1,4
2014-04-01,3,3,1,1,3
2014-03-31,1,1,0,0,1
2014-03-30,1,1,0,0,1
2014-03-29,2,1,2,1,2
2014-03-28,2,2,1,0,2
2014-03-27,5,4,3,0,5
2014-03-26,1,1,0,0,1
2014-03-25,4,2,1,0,4
2014-03-24,1,0,1,0,1
2014-03-23,3,3,0,1,3
2014-03-22,1,1,0,0,1
2014-03-20,2,1,1,0,2
2014-03-19,1,1,1,0,1
2014-03-18,3,1,1,0,3
2014-03-17,2,2,1,0,2
2014-03-16,1,1,0,0,1
2014-03-15,3,3,1,0,3
2014-03-14,1,1,1,0,1
2014-03-13,1,1,0,0,1
2014-03-12,1,0,1,0,1
2014-03-11,3,3,0,1,3
2014-03-10,4,4,0,0,4
2014-03-09,7,7,2,0,7
2014-03-08,2,2,1,0,2
2014-03-07,3,2,0,0,3
2014-03-05,2,2,2,0,2
2014-03-04,3,2,1,0,3
2014-03-03,3,2,0,0,3
2014-03-02,4,3,3,1,4
2014-03-01,7,7,3,0,7
2014-02-28,6,3,1,0,6
2014-02-27,2,2,1,0,2
2014-02-26,6,4,2,0,6
2014-02-25,3,3,3,0,3
2014-02-24,8,6,5,0,8
2014-02-23,3,3,2,1,3
2014-02-22,10,3,7,0,10
2014-02-21,3,3,2,2,3
2014-02-20,6,6,2,0,6
2014-02-19,1,1,0,0,1
2014-02-18,2,2,2,0,2
2014-02-17,4,3,0,1,4
2014-02-16,5,5,3,0,5
2014-02-15,9,9,6,0,9
2014-02-13,1,1,1,0,1
2014-02-12,1,1,0,0,1
2014-02-11,7,5,0,0,7
2014-02-10,4,3,0,0,4
2014-02-09,3,3,2,0,3
2014-02-08,2,2,0,0,2
2014-02-07,8,8,1,0,8
2014-02-06,1,0,0,0,1
2014-02-05,2,1,0,0,2
2014-02-04,3,3,1,0,3
2014-02-03,7,7,1,0,7
2014-02-02,2,2,1,0,2
2014-02-01,1,1,0,0,1
2014-01-31,6,3,1,0,6
2014-01-30,4,4,0,0,4
2014-01-29,7,7,2,0,7
2014-01-28,1,1,0,0,1
2014-01-27,1,1,1,0,1
2014-01-26,5,3,1,0,5
2014-01-25,3,2,0,0,3
2014-01-24,1,1,0,0,1
2014-01-23,4,4,1,0,4
2014-01-22,7,7,0,0,7
2014-01-21,1,1,0,0,1
2014-01-20,2,2,0,0,2
2014-01-19,2,2,1,0,2
2014-01-18,2,2,0,0,2
2014-01-17,6,6,0,0,6
2014-01-16,3,3,2,0,3
2014-01-14,3,3,2,0,3
2014-01-13,1,1,1,0,1
2014-01-12,3,2,2,0,3
2014-01-11,3,3,1,0,3
2014-01-10,1,1,1,0,1
2014-01-08,4,4,4,0,4
2014-01-07,2,2,1,0,2
2014-01-06,2,1,2,0,2
2014-01-05,5,3,2,0,5
2014-01-04,6,6,2,0,6
2014-01-03,1,1,1,0,1
2014-01-02,8,8,8,5,8
2014-01-01,1,1,1,0,1
2013-12-31,12,11,5,2,12
2013-12-29,3,3,0,0,3
2013-12-28,1,0,0,0,1
2013-12-26,1,1,0,0,1
2013-12-25,2,2,0,0,2
2013-12-24,4,4,4,0,4
2013-12-23,5,5,1,0,5
2013-12-22,9,6,0,0,9
2013-12-21,2,2,0,0,2
2013-12-20,4,4,2,0,4
2013-12-19,1,1,1,0,1
2013-12-18,1,1,0,0,1
2013-12-17,11,5,1,0,11
2013-12-16,1,1,1,0,1
2013-12-15,5,5,4,0,5
2013-12-14,1,1,0,0,1
2013-12-13,1,1,0,0,1
2013-12-12,2,2,0,0,2
2013-12-11,3,3,2,0,3
2013-12-10,5,4,1,0,5
2013-12-09,4,4,1,1,4
2013-12-08,3,2,2,0,3
2013-12-07,6,3,2,0,6
2013-12-05,1,1,1,0,1
2013-12-04,8,6,3,0,8
2013-12-03,1,0,0,0,1
2013-12-02,1,0,1,0,1
2013-12-01,4,4,3,0,4
2013-11-30,3,3,0,0,3
2013-11-29,5,5,4,0,5
2013-11-26,6,5,1,0,6
2013-11-25,1,1,0,0,1
2013-11-23,3,3,1,0,3
2013-11-22,3,3,1,0,3
2013-11-21,3,3,0,0,3
2013-11-20,3,3,3,0,3
2013-11-19,2,2,1,0,2
2013-11-18,2,2,2,0,2
2013-11-17,3,3,3,0,3
2013-11-16,2,2,0,0,2
2013-11-15,1,1,1,1,1
2013-11-14,4,4,2,0,4
2013-11-13,2,2,0,0,2
2013-11-12,2,2,0,0,2
2013-11-10,1,1,0,0,1
2013-11-09,3,3,0,0,3
2013-11-08,8,6,1,0,8
2013-11-07,4,3,0,0,4
2013-11-06,2,2,1,0,2
2013-11-04,5,5,0,1,5
2013-11-03,6,4,3,0,6
2013-11-02,3,3,0,0,3
2013-10-31,4,4,0,0,4
2013-10-30,1,1,1,0,1
2013-10-29,1,1,1,0,1
2013-10-28,1,1,0,0,1
2013-10-27,3,3,2,0,3
2013-10-26,2,2,0,0,2
2013-10-24,2,1,1,0,2
2013-10-23,4,4,1,2,4
2013-10-22,5,4,4,1,5
2013-10-21,2,1,1,0,2
2013-10-20,2,2,1,0,2
2013-10-18,1,1,1,0,1
2013-10-17,1,1,1,0,1
2013-10-16,7,7,4,0,7
2013-10-15,2,2,0,0,2
2013-10-14,1,1,0,0,1
2013-10-12,7,6,4,1,7
2013-10-11,1,1,0,0,1
2013-10-10,5,4,4,0,5
2013-10-09,2,2,0,0,2
2013-10-08,2,2,2,0,2
2013-10-06,2,2,0,0,2
2013-10-04,2,2,0,0,2
2013-10-03,1,1,1,0,1
2013-10-02,4,4,4,0,4
2013-10-01,2,2,0,0,2
2013-09-27,2,2,0,0,2
2013-09-26,6,6,6,0,6
2013-09-25,2,2,1,0,2
2013-09-24,1,1,1,0,1
2013-09-23,4,3,2,0,4
2013-09-22,1,1,0,0,1
2013-09-21,1,1,0,0,1
2013-09-20,4,4,3,0,4
2013-09-18,2,2,0,0,2
2013-09-17,3,2,1,0,3
2013-09-16,2,2,0,0,2
2013-09-14,4,4,2,2,4
2013-09-13,2,2,0,0,2
2013-09-12,3,3,1,0,3
2013-09-11,1,1,0,0,1
2013-09-08,2,2,2,0,2
2013-09-06,1,0,0,0,1
2013-09-04,2,1,1,1,2
2013-09-03,1,1,0,0,1
2013-09-02,1,1,0,0,1
2013-09-01,1,1,0,0,1
2013-08-31,2,2,1,0,2
2013-08-30,1,1,1,0,1
2013-08-28,4,3,3,0,4
2013-08-27,3,2,1,0,3
2013-08-26,2,1,1,0,2
2013-08-24,3,1,3,1,3
2013-08-23,2,2,0,0,2
2013-08-22,1,1,1,0,1
2013-08-21,2,2,2,0,2
2013-08-20,6,6,6,0,6
2013-08-19,2,2,0,0,2
2013-08-18,4,4,3,0,4
2013-08-17,5,5,2,0,5
2013-08-15,1,1,1,0,1
2013-08-14,2,2,2,0,2
2013-08-13,1,1,1,0,1
2013-08-12,5,5,2,0,5
2013-08-11,1,1,1,0,1
2013-08-09,1,1,0,0,1
2013-08-08,2,1,0,0,2
2013-08-07,3,0,3,0,3
2013-08-05,1,0,1,0,1
2013-08-04,1,1,0,0,1
2013-08-03,5,5,3,0,5
2013-08-01,2,2,1,0,2
2013-07-31,2,2,1,0,2
2013-07-30,3,2,1,0,3
2013-07-29,3,3,0,0,3
2013-07-28,4,4,1,0,4
2013-07-26,2,2,0,0,2
2013-07-25,1,1,0,0,1
2013-07-24,1,1,0,0,1
2013-07-23,3,3,3,1,3
2013-07-22,1,1,1,0,1
2013-07-18,1,0,1,0,1
2013-07-17,2,2,2,0,2
2013-07-16,3,3,1,0,3
2013-07-15,1,1,0,0,1
2013-07-14,1,1,1,0,1
2013-07-12,2,2,2,0,2
2013-07-09,2,1,1,0,2
2013-07-08,3,1,2,0,3
2013-07-05,1,1,0,0,1
2013-07-04,2,2,1,0,2
2013-07-03,1,1,0,0,1
2013-07-02,2,2,2,0,2
2013-07-01,5,4,1,0,5
2013-06-29,1,1,1,0,1
2013-06-27,1,0,0,0,1
2013-06-26,2,1,1,0,2
2013-06-25,4,3,0,1,4
2013-06-24,4,4,3,0,4
2013-06-22,3,3,1,0,3
2013-06-21,2,2,0,0,2
2013-06-20,4,4,0,0,4
2013-06-19,1,1,0,0,1
2013-06-18,2,1,1,0,2
2013-06-17,2,2,0,0,2
2013-06-15,1,1,1,0,1
2013-06-14,2,2,0,0,2
2013-06-13,2,2,0,0,2
2013-06-12,1,1,0,0,1
2013-06-11,3,2,0,0,3
2013-06-09,3,2,1,0,3
2013-06-08,3,2,1,0,3
2013-06-07,2,2,2,0,2
2013-06-06,1,0,1,0,1
2013-06-05,5,3,1,0,5
2013-06-04,2,2,1,0,2
2013-06-03,5,4,1,0,5
2013-06-02,3,3,1,0,3
2013-06-01,1,1,0,0,1
2013-05-31,1,1,0,0,1
2013-05-30,1,1,0,1,1
2013-05-28,1,1,0,0,1
2013-05-27,3,3,2,0,3
2013-05-26,2,0,0,0,2
2013-05-23,4,2,2,0,4
2013-05-22,1,1,0,1,1
2013-05-21,3,3,0,0,3
2013-05-20,2,2,0,0,2
2013-05-18,2,2,2,0,2
2013-05-17,2,2,2,0,2
2013-05-16,3,3,0,0,3
2013-05-15,1,1,0,0,1
2013-05-13,3,3,0,0,3
2013-05-11,2,2,0,0,2
2013-05-09,5,3,1,0,5
2013-05-08,2,2,0,0,2
2013-05-07,2,2,0,0,2
2013-05-06,1,1,0,0,1
2013-05-05,1,1,0,0,1
2013-05-04,3,3,2,0,3
2013-05-03,3,3,2,0,3
2013-05-02,1,1,1,0,1
2013-05-01,3,3,1,1,3
2013-04-28,2,2,0,0,2
2013-04-26,1,1,0,1,1
2013-04-24,3,3,1,0,3
2013-04-23,4,2,1,0,4
2013-04-22,2,2,0,2,2
2013-04-21,2,2,0,0,2
2013-04-20,2,2,1,0,2
2013-04-19,3,3,0,1,3
2013-04-18,3,3,1,0,3
2013-04-13,4,2,2,0,4
2013-04-12,2,2,1,0,2
2013-04-11,1,0,0,0,1
2013-04-09,1,1,0,0,1
2013-04-05,1,1,1,0,1
2013-04-04,2,2,1,0,2
2013-04-03,1,1,1,0,1
2013-03-31,1,1,0,0,1
2013-03-30,2,2,0,0,2
2013-03-29,2,1,1,0,2
2013-03-28,2,1,1,0,2
2013-03-26,1,1,1,0,1
2013-03-24,1,1,1,0,1
2013-03-22,2,2,1,0,2
2013-03-21,1,1,1,0,1
2013-03-17,1,1,0,0,1
2013-03-16,1,1,0,0,1
2013-03-15,4,3,0,0,4
2013-03-14,1,1,1,0,1
2013-03-13,2,2,0,0,2
2013-03-11,1,1,0,0,1
2013-03-10,3,3,2,0,3
2013-03-09,1,1,0,0,1
2013-03-08,1,1,0,0,1
2013-03-05,1,1,1,0,1
2013-03-03,4,0,3,0,4
2013-03-02,1,1,0,0,1
2013-03-01,1,1,0,0,1
2013-02-28,2,2,1,0,2
2013-02-27,1,1,1,0,1
2013-02-26,1,1,0,0,1
2013-02-24,3,0,1,0,3
2013-02-22,1,1,1,0,1
2013-02-19,2,2,1,0,2
2013-02-18,6,6,5,0,6
2013-02-17,1,1,1,0,1
2013-02-16,3,2,2,0,3
2013-02-14,1,1,0,1,1
2013-02-13,3,3,0,0,3
2013-02-11,4,4,2,0,4
2013-02-10,4,4,0,0,4
2013-02-09,6,3,6,0,6
2013-02-06,1,1,0,0,1
2013-02-05,6,2,1,0,6
2013-02-04,2,2,0,0,2
2013-02-03,3,2,1,0,3
2013-02-02,1,1,1,0,1
2013-02-01,2,2,1,0,2
2013-01-31,4,4,0,0,4
2013-01-30,1,0,1,0,1
2013-01-29,2,2,0,0,2
2013-01-28,3,2,0,0,3
2013-01-27,1,1,0,0,1
2013-01-26,6,6,4,0,6
2013-01-25,2,2,1,0,2
2013-01-24,4,2,2,0,4
2013-01-23,1,1,0,0,1
2013-01-22,1,1,1,0,1
2013-01-21,4,4,3,0,4
2013-01-20,2,1,0,0,2
2013-01-19,4,4,0,0,4
2013-01-18,2,2,0,0,2
2013-01-17,6,5,5,0,6
2013-01-16,1,1,0,0,1
2013-01-15,2,1,1,0,2
2013-01-13,3,3,1,0,3
2013-01-12,3,2,0,0,3
2013-01-10,3,2,2,1,3
2013-01-09,1,0,0,0,1
2013-01-07,3,3,2,0,3
2013-01-06,1,1,1,0,1
2013-01-05,2,2,1,0,2
2013-01-04,1,1,1,0,1
2013-01-03,2,2,1,0,2
2013-01-02,2,2,0,0,2
2012-12-31,3,3,0,0,3
2012-12-29,2,2,2,0,2
2012-12-28,4,4,2,0,4
2012-12-27,3,3,0,0,3
2012-12-26,4,3,2,0,4
2012-12-25,3,1,3,0,3
2012-12-24,4,4,1,0,4
2012-12-23,3,3,2,0,3
2012-12-22,3,3,1,0,3
2012-12-21,4,4,2,0,4
2012-12-20,3,2,2,0,3
2012-12-19,2,2,1,0,2
2012-12-18,1,1,0,0,1
2012-12-17,3,3,2,0,3
2012-12-14,1,1,0,0,1
2012-12-11,1,1,1,0,1
2012-12-10,2,0,2,0,2
2012-12-09,1,0,1,0,1
2012-12-07,1,1,1,0,1
2012-12-02,2,2,0,0,2
2012-12-01,1,1,0,0,1
2012-11-30,1,1,0,0,1
2012-11-29,2,1,0,0,2
2012-11-28,1,1,1,0,1
2012-11-27,2,1,2,0,2
2012-11-26,2,2,0,0,2
2012-11-24,2,2,2,0,2
2012-11-23,3,3,2,0,3
2012-11-22,2,2,1,0,2
2012-11-21,1,1,0,0,1
2012-11-19,4,4,4,0,4
2012-11-18,1,1,0,0,1
2012-11-17,2,1,1,0,2
2012-11-16,1,1,0,1,1
2012-11-13,2,2,0,2,2
2012-11-12,1,1,0,0,1
2012-11-11,2,2,2,0,2
2012-11-07,1,1,1,0,1
2012-11-06,3,3,3,0,3
2012-11-04,1,1,0,0,1
2012-11-01,5,4,0,0,5
2012-10-30,1,1,1,0,1
2012-10-25,1,1,1,0,1
2012-10-24,5,5,0,0,5
2012-10-22,1,1,0,0,1
2012-10-21,2,2,0,0,2
2012-10-20,1,0,1,0,1
2012-10-18,2,0,1,0,2
2012-10-15,2,1,1,0,2
2012-10-14,1,1,0,0,1
2012-10-13,4,4,1,0,4
2012-10-11,2,1,0,0,2
2012-10-09,1,1,1,0,1
2012-10-08,1,1,1,0,1
2012-10-04,2,2,1,0,2
2012-09-30,1,1,0,0,1
2012-09-29,1,0,1,0,1
2012-09-28,1,0,0,0,1
2012-09-27,1,1,1,0,1
2012-09-25,6,6,3,0,6
2012-09-23,1,1,0,0,1
2012-09-20,1,1,1,0,1
2012-09-19,1,0,0,0,1
2012-09-18,2,2,0,0,2
2012-09-16,5,4,2,0,5
2012-09-15,4,4,2,0,4
2012-09-14,5,5,3,0,5
2012-09-13,1,1,0,0,1
2012-09-12,1,1,1,0,1
2012-09-11,3,0,3,0,3
2012-09-10,7,5,2,0,7
2012-09-09,5,5,5,0,5
2012-09-08,1,1,0,0,1
2012-09-04,1,1,1,0,1
2012-09-03,2,1,1,0,2
2012-09-02,4,1,0,0,4
2012-09-01,1,1,0,0,1
2012-08-31,1,1,1,0,1
2012-08-27,2,2,0,0,2
2012-08-26,1,1,1,0,1
2012-08-22,1,1,0,0,1
2012-08-21,1,1,1,0,1
2012-08-20,5,5,2,0,5
2012-08-18,2,1,2,0,2
2012-08-16,3,3,1,0,3
2012-08-15,1,0,0,0,1
2012-08-14,2,2,0,0,2
2012-08-13,1,1,1,0,1
2012-08-12,1,1,1,0,1
2012-08-09,1,1,1,0,1
2012-08-08,1,1,1,0,1
2012-08-05,7,7,2,0,7
2012-08-03,1,1,0,0,1
2012-07-31,5,5,4,0,5
2012-07-30,3,3,0,0,3
2012-07-26,2,2,2,0,2
2012-07-25,1,1,1,0,1
2012-07-23,3,3,1,0,3
2012-07-21,4,4,1,0,4
2012-07-20,1,1,0,0,1
2012-07-19,1,0,0,0,1
2012-07-18,1,1,0,0,1
2012-07-17,1,1,0,0,1
2012-07-16,1,1,1,0,1
2012-07-14,2,1,1,0,2
2012-07-13,2,2,0,0,2
2012-07-11,2,1,0,0,2
2012-07-09,4,2,1,0,4
2012-07-08,2,2,2,0,2
2012-07-07,1,1,1,0,1
2012-07-06,1,1,0,0,1
2012-07-05,2,2,1,0,2
2012-07-04,1,1,0,0,1
2012-07-03,3,3,1,0,3
2012-07-02,2,2,0,0,2
2012-06-30,2,1,0,0,2
2012-06-29,2,2,2,0,2
2012-06-28,1,1,0,0,1
2012-06-27,5,5,0,0,5
2012-06-24,4,4,0,0,4
2012-06-23,4,3,2,0,4
2012-06-22,2,2,1,0,2
2012-06-21,2,1,1,0,2
2012-06-19,1,1,1,0,1
2012-06-16,2,0,0,0,2
2012-06-15,1,1,0,0,1
2012-06-14,1,1,1,0,1
2012-06-13,2,1,1,0,2
2012-06-12,1,1,0,0,1
2012-06-09,2,2,0,0,2
2012-06-08,4,4,2,0,4
2012-06-07,4,3,1,0,4
2012-06-06,1,1,0,0,1
2012-06-04,5,5,3,0,5
2012-06-02,3,3,3,0,3
2012-06-01,3,3,3,0,3
2012-05-31,3,2,2,1,3
2012-05-30,1,1,1,0,1
2012-05-28,2,1,1,0,2
2012-05-27,3,3,1,0,3
2012-05-26,1,1,0,0,1
2012-05-25,1,1,0,0,1
2012-05-24,1,1,0,0,1
2012-05-22,1,1,0,0,1
2012-05-20,1,1,0,0,1
2012-05-18,1,1,0,0,1
2012-05-17,2,2,2,0,2
2012-05-15,2,1,2,0,2
2012-05-14,2,2,2,0,2
2012-05-13,2,2,0,0,2
2012-05-12,4,2,0,0,4
2012-05-11,2,1,0,0,2
2012-05-10,1,1,0,0,1
2012-05-09,2,2,1,0,2
2012-05-08,3,3,2,0,3
2012-05-04,1,1,0,0,1
2012-05-03,2,2,0,0,2
2012-05-02,3,3,0,0,3
2012-05-01,2,2,1,0,2
2012-04-29,1,1,1,0,1
2012-04-28,1,1,0,0,1
2012-04-25,1,1,0,0,1
2012-04-24,2,2,0,0,2
2012-04-23,1,0,0,0,1
2012-04-22,4,4,0,1,4
2012-04-20,1,1,1,0,1
2012-04-19,3,1,2,0,3
2012-04-15,1,1,1,0,1
2012-04-14,1,1,0,0,1
2012-04-13,9,9,3,0,9
2012-04-11,3,3,2,0,3
2012-04-10,3,3,1,0,3
2012-04-09,1,1,0,1,1
2012-04-07,5,5,4,0,5
2012-04-06,2,2,0,1,2
2012-04-04,1,1,0,0,1
2012-04-03,2,2,2,0,2
2012-04-02,2,2,1,0,2
2012-03-31,2,2,1,0,2
2012-03-29,1,1,1,0,1
2012-03-27,2,2,0,0,2
2012-03-24,1,1,0,0,1
2012-03-23,1,0,0,0,1
2012-03-22,1,0,0,0,1
2012-03-20,1,1,0,0,1
2012-03-17,1,1,0,0,1
2012-03-14,6,3,1,0,6
2012-03-13,1,0,0,0,1
2012-03-10,1,1,1,0,1
2012-03-07,1,0,1,0,1
2012-03-06,1,1,0,0,1
2012-03-02,2,2,0,0,2
2012-02-28,2,2,0,0,2
2012-02-27,1,1,1,0,1
2012-02-26,1,1,0,0,1
2012-02-24,2,1,0,0,2
2012-02-23,2,2,2,0,2
2012-02-21,1,1,0,0,1
2012-02-20,1,1,0,0,1
2012-02-18,1,1,0,0,1
2012-02-17,2,2,0,0,2
2012-02-16,1,0,1,0,1
2012-02-14,2,0,0,2,2
2012-02-12,2,2,1,0,2
2012-02-11,1,1,0,0,1
2012-02-10,8,6,5,0,8
2012-02-09,1,1,0,0,1
2012-02-07,1,1,0,0,1
2012-02-06,2,2,0,0,2
2012-02-05,1,1,0,0,1
2012-02-04,1,1,0,0,1
2012-02-03,1,1,1,0,1
2012-01-28,2,1,0,0,2
2012-01-27,1,1,1,0,1
2012-01-25,1,1,1,0,1
2012-01-24,2,1,2,0,2
2012-01-20,1,0,0,0,1
2012-01-18,1,1,0,0,1
2012-01-16,2,2,0,0,2
2012-01-15,1,1,1,0,1
2012-01-14,1,0,0,0,1
2012-01-13,3,2,1,0,3
2012-01-11,1,1,1,0,1
2012-01-10,2,2,0,0,2
2012-01-09,3,3,3,0,3
2012-01-08,3,3,1,0,3
2012-01-07,1,1,0,0,1
2012-01-04,5,0,0,0,5
2012-01-03,5,2,3,0,5
2012-01-02,2,1,0,0,2
2012-01-01,2,2,0,0,2
2011-12-31,2,1,0,0,2
2011-12-29,1,1,0,0,1
2011-12-28,1,1,0,0,1
2011-12-27,3,3,0,0,3
2011-12-26,4,4,1,0,4
2011-12-25,6,6,3,0,6
2011-12-24,4,4,2,0,4
2011-12-23,2,1,0,0,2
2011-12-22,4,3,2,0,4
2011-12-21,1,1,0,0,1
2011-12-20,3,2,0,0,3
2011-12-18,1,1,1,0,1
2011-12-14,1,1,0,0,1
2011-12-12,3,2,0,0,3
2011-12-11,3,3,0,0,3
2011-12-08,1,1,1,0,1
2011-12-07,3,3,0,0,3
2011-12-06,2,2,0,0,2
2011-12-05,1,1,1,0,1
2011-12-02,1,1,1,0,1
2011-11-30,1,0,1,0,1
2011-11-29,1,1,1,0,1
2011-11-24,1,0,1,0,1
2011-11-19,1,1,0,0,1
2011-11-17,1,1,0,0,1
2011-11-16,5,5,0,0,5
2011-11-13,1,1,0,0,1
2011-11-10,2,2,0,0,2
2011-11-08,2,2,1,0,2
2011-11-03,1,1,0,0,1
2011-11-02,13,13,0,0,13
2011-11-01,2,1,0,0,2
2011-10-31,2,2,1,0,2
2011-10-30,1,1,0,0,1
2011-10-29,3,3,1,0,3
2011-10-26,1,1,1,0,1
2011-10-22,1,1,0,0,1
2011-10-21,22,22,0,0,22
2011-10-20,2,0,1,0,2
2011-10-19,8,8,2,0,8
2011-10-16,3,3,1,0,3
2011-10-12,1,1,1,0,1
2011-10-11,2,2,1,0,2
2011-10-10,2,2,1,0,2
2011-10-09,2,2,1,0,2
2011-10-08,1,1,0,0,1
2011-10-07,1,1,1,0,1
2011-10-06,2,2,0,0,2
2011-10-03,1,0,1,0,1
2011-10-02,1,0,1,0,1
2011-09-27,2,2,1,0,2
2011-09-24,2,1,0,0,2
2011-09-23,5,0,1,0,5
2011-09-22,1,1,0,0,1
2011-09-21,1,1,1,0,1
2011-09-20,2,2,0,0,2
2011-09-19,1,1,1,0,1
2011-09-15,1,1,1,0,1
2011-09-06,1,1,0,0,1
2011-09-04,1,1,0,0,1
2011-08-23,1,1,0,0,1
2011-08-20,1,1,1,0,1
2011-08-16,3,3,2,0,3
2011-08-15,2,2,2,0,2
2011-08-12,1,0,1,0,1
2011-08-11,1,1,1,0,1
2011-08-10,2,2,0,0,2
2011-08-05,1,1,1,0,1
2011-08-04,1,1,0,0,1
2011-08-02,3,3,3,0,3
2011-08-01,1,0,1,0,1
2011-07-30,2,2,0,0,2
2011-07-29,1,1,0,0,1
2011-07-28,2,2,0,0,2
2011-07-25,1,1,0,0,1
2011-07-20,2,2,2,0,2
2011-07-19,1,0,0,0,1
2011-07-15,2,2,2,0,2
2011-07-12,2,2,1,0,2
2011-07-11,1,0,1,0,1
2011-07-09,1,1,1,0,1
2011-07-04,1,0,0,0,1
2011-07-03,3,0,3,0,3
2011-06-30,4,3,3,0,4
2011-06-28,3,3,2,0,3
2011-06-27,1,1,1,0,1
2011-06-25,1,1,1,0,1
2011-06-24,1,1,1,0,1
2011-06-23,1,0,0,0,1
2011-06-18,3,3,1,0,3
2011-06-16,2,1,0,0,2
2011-06-14,2,0,0,0,2
2011-06-11,1,0,0,0,1
2011-06-10,1,1,0,0,1
2011-06-08,1,1,1,0,1
2011-06-04,1,0,0,0,1
2011-06-01,12,12,1,0,12
2011-05-29,1,1,0,0,1
2011-05-21,1,0,0,0,1
2011-05-19,2,2,0,0,2
2011-05-18,1,0,0,0,1
2011-05-17,1,1,0,0,1
2011-05-15,3,3,1,0,3
2011-05-11,2,2,0,0,2
2011-05-06,2,2,0,0,2
2011-05-05,1,0,0,0,1
2011-05-01,2,2,0,0,2
2011-04-27,2,1,2,0,2
2011-04-25,1,1,1,0,1
2011-04-23,1,1,1,0,1
2011-04-18,2,2,2,0,2
2011-04-17,1,1,1,0,1
2011-04-16,2,1,1,0,2
2011-04-15,2,2,2,2,2
2011-04-12,3,3,0,0,3
2011-04-10,1,1,0,0,1
2011-04-08,1,1,0,0,1
2011-03-30,2,2,0,0,2
2011-03-28,1,1,0,0,1
2011-03-25,2,2,2,0,2
2011-03-23,1,0,0,0,1
2011-03-19,1,1,1,0,1
2011-03-17,4,4,4,0,4
2011-03-13,2,2,2,0,2
2011-03-11,1,1,1,0,1
2011-03-10,2,2,2,0,2
2011-03-08,1,1,1,0,1
2011-02-24,2,2,0,0,2
2011-02-22,2,1,0,0,2
2011-02-20,1,1,1,0,1
2011-02-18,1,1,1,0,1
2011-02-16,1,1,0,0,1
2011-02-12,1,1,1,0,1
2011-02-11,1,0,0,0,1
2011-02-08,1,0,1,0,1
2011-02-05,3,2,2,0,3
2011-02-03,3,3,1,0,3
2011-01-28,3,3,0,0,3
2011-01-26,1,1,0,0,1
2011-01-23,2,2,2,0,2
2011-01-15,2,2,2,0,2
2011-01-14,3,3,0,0,3
2011-01-10,1,1,0,0,1
2011-01-08,5,4,3,0,5
2011-01-06,3,0,1,0,3
2011-01-01,1,1,0,0,1
2010-12-31,1,1,1,0,1
2010-12-26,2,2,2,0,2
2010-12-25,2,2,1,0,2
2010-12-24,6,4,3,0,6
2010-12-23,1,1,0,0,1
2010-12-21,2,2,1,0,2
2010-12-20,3,2,0,0,3
2010-12-19,3,2,1,0,3
2010-12-18,1,0,0,0,1
2010-12-16,3,1,0,0,3
2010-12-09,1,1,0,0,1
2010-12-04,9,7,1,0,9
2010-12-03,5,2,2,0,5
2010-11-30,1,1,1,0,1
2010-11-28,2,2,1,0,2
2010-11-22,1,1,0,0,1
2010-11-09,1,1,1,0,1
2010-10-31,2,2,0,0,2
2010-10-29,1,1,1,0,1
2010-10-26,1,0,1,0,1
2010-10-13,1,1,0,0,1
2010-10-11,1,1,0,0,1
2010-10-08,3,3,2,0,3
2010-10-07,2,2,0,0,2
2010-09-30,1,1,0,0,1
2010-09-28,1,1,1,0,1
2010-09-14,5,0,0,0,5
2010-09-10,2,2,1,0,2
2010-09-09,2,2,1,0,2
2010-09-06,1,0,0,0,1
2010-09-03,1,0,1,0,1
2010-08-30,2,2,0,0,2
2010-08-28,1,0,0,0,1
2010-08-25,5,0,0,0,5
2010-08-24,1,1,1,0,1
2010-08-23,2,2,0,0,2
2010-08-18,2,2,0,0,2
2010-08-14,1,0,1,0,1
2010-08-02,1,1,1,0,1
2010-07-25,1,1,0,0,1
2010-07-22,2,2,0,0,2
2010-07-18,1,0,0,0,1
2010-07-14,5,5,0,0,5
2010-07-09,4,4,4,0,4
2010-07-05,1,0,0,0,1
2010-07-04,1,1,1,0,1
2010-06-26,1,1,0,0,1
2010-06-17,2,1,0,0,2
2010-06-14,1,0,1,0,1
2010-06-11,1,1,1,0,1
2010-06-10,3,3,0,0,3
2010-06-09,3,1,0,0,3
2010-06-08,1,0,0,0,1
2010-06-04,4,4,2,1,4
2010-05-30,3,0,0,0,3
2010-05-29,1,0,1,0,1
2010-05-27,1,1,0,0,1
2010-05-23,2,2,0,0,2
2010-05-22,1,1,0,0,1
2010-05-21,1,1,0,0,1
2010-05-20,3,1,1,0,3
2010-05-19,2,2,2,0,2
2010-05-18,3,2,0,0,3
2010-05-17,2,2,0,0,2
2010-05-16,1,0,0,0,1
2010-05-15,2,0,0,0,2
2010-05-09,3,2,1,0,3
2010-05-05,2,1,0,0,2
2010-05-04,1,1,1,0,1
2010-04-30,5,4,3,0,5
2010-04-26,1,1,1,0,1
2010-04-22,9,9,0,0,9
2010-04-17,2,2,0,0,2
2010-04-16,1,1,0,0,1
2010-04-15,2,2,0,0,2
2010-04-08,3,3,1,0,3
2010-04-02,1,1,0,0,1
2010-03-31,1,0,0,0,1
2010-03-28,1,1,0,0,1
2010-03-23,1,1,0,0,1
2010-03-22,1,1,0,0,1
2010-03-16,2,1,0,0,2
2010-03-15,3,3,0,0,3
2010-03-13,4,3,2,0,4
2010-03-10,1,1,1,0,1
2010-03-03,1,1,0,0,1
2010-03-01,1,0,1,0,1
2010-02-23,1,1,0,0,1
2010-02-21,1,1,0,0,1
2010-02-20,1,0,0,0,1
2010-02-18,2,2,0,0,2
2010-02-15,2,2,0,0,2
2010-02-12,1,0,0,0,1
2010-02-10,1,0,0,0,1
2010-02-09,6,4,0,0,6
2010-02-07,2,2,0,0,2
2010-02-04,2,1,0,0,2
2010-02-03,1,1,0,0,1
2010-02-02,4,1,0,0,4
2010-02-01,10,5,1,0,10
2010-01-31,2,2,0,0,2
2010-01-30,2,2,0,0,2
2010-01-29,1,1,0,0,1
2010-01-28,4,0,2,0,4
2010-01-26,2,2,0,0,2
2010-01-25,2,2,0,0,2
2010-01-24,3,0,0,0,3
2010-01-23,2,1,0,0,2
2010-01-22,1,0,0,0,1
2010-01-16,1,1,0,0,1
2010-01-14,1,0,1,0,1
2010-01-11,6,3,0,0,6
2010-01-10,2,2,0,0,2
2010-01-08,4,4,4,0,4
2010-01-07,1,0,0,0,1
2010-01-05,4,4,0,0,4
2010-01-04,3,0,0,0,3
2010-01-02,1,1,0,0,1
2010-01-01,2,1,0,0,2
2009-12-30,1,0,0,0,1
2009-12-29,3,2,0,0,3
2009-12-28,2,0,0,0,2
2009-12-27,1,0,0,0,1
2009-12-25,1,0,1,0,1
2009-12-24,1,1,0,0,1
2009-12-23,8,5,0,0,8
2009-12-22,1,1,0,0,1
2009-12-21,2,0,0,0,2
2009-12-20,2,1,0,0,2
2009-12-19,1,1,0,0,1
2009-12-18,2,1,0,0,2
2009-12-17,1,1,0,0,1
2009-12-16,1,1,0,0,1
2009-12-10,1,0,0,0,1
2009-12-06,1,0,0,0,1
2009-12-05,1,0,0,0,1
2009-12-01,1,0,1,0,1
2009-11-30,3,2,0,0,3
2009-11-29,1,1,1,0,1
2009-11-28,5,4,2,0,5
2009-11-25,3,3,0,0,3
2009-11-24,1,1,0,0,1
2009-11-23,2,1,0,0,2
2009-11-22,5,4,0,0,5
2009-11-21,6,4,2,0,6
2009-11-20,3,0,0,0,3
2009-11-19,27,12,8,0,27
2009-11-18,5,2,1,0,5
2009-11-17,7,3,1,0,7
2009-11-16,1,0,0,0,1
2009-11-15,7,6,0,0,7
2009-11-14,20,13,2,0,20
2009-11-13,26,11,1,0,26
2009-11-04,1,0,0,0,1
2009-10-22,1,1,1,0,1
2009-09-09,1,1,0,0,1
2009-04-16,1,0,0,0,1
2009-01-06,1,0,0,0,1
2008-12-05,1,0,0,0,1
2008-11-20,3,3,0,0,3
2008-11-19,1,1,0,0,1
2008-11-18,1,1,0,0,1
2008-10-28,1,1,0,0,1
2008-10-26,1,0,0,0,1
2008-09-25,1,0,1,0,1
2008-09-21,1,1,0,0,1
